,WATER_SPECIAL,ICE_STATUS,DARK_SPECIAL,NORMAL_STATUS,STEEL_PHYSICAL,PSYCHIC_SPECIAL,GRASS_SPECIAL,FIRE_SPECIAL,ICE_SPECIAL,ELECTRIC_SPECIAL,FIGHTING_PHYSICAL,FLYING_STATUS,ROCK_PHYSICAL,WATER_PHYSICAL,POISON_PHYSICAL,PSYCHIC_PHYSICAL,PSYCHIC_STATUS,NORMAL_PHYSICAL,POISON_STATUS,GRASS_STATUS,DARK_PHYSICAL,GROUND_PHYSICAL,ROCK_STATUS,ICE_PHYSICAL,DRAGON_SPECIAL,ELECTRIC_STATUS,BUG_PHYSICAL,DARK_STATUS,GROUND_SPECIAL,FLYING_SPECIAL,GHOST_SPECIAL,FIRE_STATUS
water_grass&fighting,421.5,260.1,269.6,124.6,0.0,0.0,0.0,0.0,0.0,0.0,0.0,0.0,0.0,310.8,0.0,0.0,0.0,147.9,0.0,0.0,0.0,0.0,0.0,0.0,0.0,0.0,0.0,0.0,0.0,0.0,0.0,0.0
steel&psychic_grass&fighting,0.0,0.0,80.4,21.6,204.0,-3.9,31.2,0.0,0.0,0.0,0.0,0.0,0.0,0.0,0.0,0.0,-11.2,63.0,0.0,0.0,0.0,139.4,0.0,0.0,0.0,0.0,381.5,0.0,0.0,0.0,0.0,0.0
steel&psychic_ghost&dark,0.0,0.0,71.2,127.2,164.9,25.2,7.7,0.0,0.0,0.0,0.0,0.0,0.0,0.0,0.0,0.0,94.3,63.4,0.0,0.0,0.0,140.6,0.0,0.0,0.0,0.0,57.1,0.0,0.0,0.0,0.0,0.0
steel&psychic_normal,0.0,0.0,91.8,258.3,129.5,229.0,82.4,0.0,0.0,0.0,0.0,0.0,0.0,0.0,0.0,0.0,116.1,97.9,0.0,0.0,0.0,165.4,0.0,0.0,0.0,0.0,203.0,0.0,0.0,0.0,0.0,0.0
rock&dark_normal,0.0,0.0,0.0,0.0,0.0,0.0,0.0,39.1,61.4,161.1,217.2,0.0,0.0,0.0,0.0,0.0,0.0,0.0,0.0,0.0,0.0,0.0,0.0,0.0,0.0,0.0,0.0,0.0,0.0,0.0,0.0,0.0
rock&dark_steel&psychic,0.0,-11.1,0.0,0.0,0.0,0.0,0.0,-66.9,-83.8,-148.4,-109.2,0.0,0.0,0.0,0.0,0.0,0.0,0.0,0.0,0.0,0.0,0.0,0.0,0.0,0.0,0.0,0.0,0.0,0.0,0.0,0.0,0.0
rock&dark_psychic,0.0,0.0,0.0,0.0,0.0,0.0,0.0,-35.9,-106.4,-32.5,0.0,0.0,0.0,0.0,0.0,0.0,0.0,0.0,0.0,0.0,0.0,0.0,0.0,0.0,0.0,0.0,0.0,0.0,0.0,0.0,0.0,0.0
rock&flying_dark&ice,32.6,0.0,0.0,-38.0,0.0,0.0,0.0,0.0,0.0,0.0,0.0,-41.2,-42.3,2.3,0.0,0.0,0.0,0.0,0.0,0.0,0.0,0.0,0.0,0.0,0.0,0.0,0.0,0.0,0.0,0.0,0.0,0.0
rock&flying_steel&psychic,0.0,0.0,0.0,79.9,0.0,0.0,0.0,0.0,0.0,0.0,0.0,110.5,188.1,0.0,0.0,0.0,0.0,144.0,0.0,0.0,0.0,0.0,0.0,0.0,0.0,0.0,0.0,0.0,0.0,0.0,0.0,0.0
water&poison_dark&ice,-96.9,0.0,0.0,-93.3,-17.9,0.0,0.0,0.0,0.0,0.0,0.0,0.0,0.0,-71.4,-66.3,0.0,0.0,0.0,0.0,0.0,-11.1,0.0,0.0,0.0,0.0,0.0,0.0,0.0,0.0,-8.2,0.0,0.0
water&poison_steel&psychic,36.3,0.0,0.0,23.8,0.0,0.0,0.0,0.0,0.0,0.0,0.0,0.0,0.0,134.3,59.8,0.0,0.0,0.0,0.0,0.0,0.0,0.0,0.0,0.0,0.0,0.0,0.0,0.0,0.0,0.0,0.0,0.0
psychic&fighting_steel&psychic,0.0,0.0,0.0,0.0,0.0,0.0,0.0,0.0,0.0,0.0,149.0,0.0,15.3,0.0,0.0,62.3,-35.5,16.0,0.0,0.0,0.0,0.0,0.0,0.0,0.0,0.0,0.0,0.0,0.0,0.0,0.0,0.0
water_psychic&grass,33.8,-106.9,-119.7,-112.4,0.0,0.0,0.0,0.0,0.0,0.0,-21.5,0.0,0.0,-248.8,0.0,-20.6,0.0,-192.6,0.0,0.0,0.0,0.0,0.0,0.0,0.0,0.0,0.0,0.0,0.0,0.0,0.0,0.0
water_ground&psychic,75.2,142.2,34.0,-3.9,0.0,0.0,0.0,0.0,0.0,0.0,0.0,0.0,0.0,98.4,0.0,0.0,0.0,-11.5,0.0,0.0,0.0,0.0,0.0,0.0,0.0,0.0,0.0,0.0,0.0,0.0,0.0,0.0
water_dark,29.4,54.9,98.5,116.4,0.0,0.0,0.0,0.0,0.0,0.0,0.0,0.0,0.0,40.3,0.0,0.0,0.0,99.2,0.0,0.0,0.0,0.0,0.0,0.0,0.0,0.0,0.0,0.0,0.0,0.0,0.0,0.0
water_poison&flying,-42.8,-5.5,-55.5,-64.2,0.0,0.0,0.0,0.0,0.0,0.0,0.0,0.0,0.0,-59.2,0.0,0.0,0.0,-24.5,0.0,0.0,0.0,0.0,0.0,0.0,0.0,0.0,0.0,0.0,0.0,0.0,0.0,0.0
water_dark&ice,19.1,-51.2,-32.3,-44.4,0.0,0.0,0.0,0.0,0.0,0.0,0.0,0.0,0.0,1.8,0.0,0.0,0.0,-4.7,0.0,0.0,0.0,0.0,0.0,0.0,0.0,0.0,0.0,0.0,0.0,0.0,0.0,0.0
water_steel&psychic,-100.7,5.5,31.5,-5.6,0.0,0.0,0.0,0.0,0.0,0.0,0.0,0.0,0.0,175.1,0.0,0.0,0.0,11.9,0.0,0.0,0.0,0.0,0.0,0.0,0.0,0.0,0.0,0.0,0.0,0.0,0.0,0.0
rock&dark_poison&flying,0.0,0.0,0.0,0.0,-27.6,0.0,-16.6,-129.4,-124.0,-139.5,-132.5,-14.4,-16.3,0.0,0.0,0.0,0.0,0.0,0.0,0.0,0.0,0.0,0.0,0.0,0.0,0.0,0.0,0.0,0.0,0.0,0.0,0.0
rock&dark_dark,0.0,0.0,0.0,0.0,0.0,0.0,0.0,140.0,320.6,-6.6,19.5,0.0,0.0,0.0,0.0,0.0,0.0,0.0,0.0,0.0,0.0,0.0,0.0,0.0,0.0,0.0,0.0,0.0,0.0,0.0,0.0,0.0
fire&flying_grass&fighting,0.0,0.0,0.0,42.0,0.0,0.0,0.0,865.9,0.0,0.0,0.0,86.0,0.0,0.0,0.0,0.0,0.0,0.0,123.3,0.0,0.0,0.0,0.0,0.0,0.0,0.0,0.0,0.0,0.0,0.0,0.0,0.0
fire&flying_ghost&dark,0.0,0.0,0.0,150.0,0.0,0.0,0.0,163.1,0.0,0.0,0.0,119.9,0.0,0.0,0.0,0.0,0.0,126.6,138.1,0.0,0.0,0.0,0.0,0.0,0.0,0.0,0.0,0.0,0.0,0.0,0.0,0.0
grass_ghost&dark,0.0,0.0,0.0,0.0,0.0,0.0,89.8,0.0,0.0,0.0,0.0,0.0,0.0,0.0,0.0,0.0,0.0,0.0,0.0,142.8,150.6,166.7,0.0,0.0,0.0,0.0,0.0,0.0,0.0,0.0,0.0,0.0
grass_normal,0.0,0.0,0.0,0.0,0.0,0.0,36.5,0.0,0.0,0.0,0.0,0.0,0.0,0.0,0.0,0.0,0.0,0.0,0.0,147.3,116.5,129.4,0.0,0.0,0.0,0.0,0.0,0.0,0.0,0.0,0.0,0.0
ice&ground_normal,0.0,0.0,0.0,0.0,0.0,0.0,0.0,0.0,0.0,0.0,0.0,0.0,0.0,0.0,0.0,0.0,0.0,-7.0,0.0,0.0,0.0,5.0,26.0,15.3,0.0,0.0,0.0,0.0,0.0,0.0,0.0,0.0
ice&ground_dark&ice,0.0,0.0,0.0,0.0,0.0,0.0,0.0,0.0,0.0,0.0,0.0,0.0,0.0,0.0,0.0,0.0,0.0,-61.1,0.0,0.0,0.0,-80.2,-124.4,-8.7,0.0,0.0,0.0,0.0,0.0,0.0,0.0,0.0
water&dragon_dark&ice,-83.6,0.0,0.0,0.0,0.0,0.0,0.0,0.0,0.0,0.0,0.0,0.0,0.0,0.0,0.0,0.0,0.0,-62.1,0.0,0.0,0.0,0.0,0.0,0.0,-134.6,0.0,0.0,0.0,0.0,0.0,0.0,0.0
water&dragon_psychic,-28.1,0.0,0.0,0.0,0.0,0.0,0.0,0.0,0.0,0.0,0.0,0.0,0.0,0.0,0.0,0.0,0.0,0.0,0.0,0.0,0.0,0.0,0.0,0.0,-118.7,0.0,0.0,0.0,0.0,0.0,0.0,0.0
steel_steel&psychic,0.0,0.0,0.0,0.0,0.0,0.0,0.0,-11.2,0.0,0.0,0.0,0.0,0.0,0.0,0.0,0.0,0.0,-71.3,-18.7,0.0,0.0,0.0,-26.7,-55.9,0.0,0.0,0.0,0.0,0.0,0.0,0.0,0.0
normal_steel&psychic,0.0,0.0,0.0,64.6,0.0,0.0,0.0,14.4,0.0,0.0,149.4,-20.3,0.0,0.0,0.0,0.0,0.0,-81.7,-44.8,-18.5,-20.4,0.0,0.0,-21.0,0.0,193.7,0.0,0.0,0.0,0.0,0.0,0.0
fire&flying_water,0.0,0.0,0.0,-77.0,0.0,0.0,0.0,-37.1,0.0,0.0,-4.9,-23.7,0.0,0.0,0.0,0.0,0.0,-1.8,-36.6,0.0,0.0,0.0,0.0,0.0,0.0,0.0,-3.4,0.0,0.0,0.0,-1.8,0.0
fire&flying_water&poison,0.0,0.0,0.0,-108.6,0.0,0.0,0.0,-147.2,0.0,0.0,0.0,-33.6,0.0,0.0,0.0,0.0,0.0,0.0,-92.8,0.0,0.0,0.0,0.0,0.0,0.0,0.0,0.0,0.0,0.0,0.0,0.0,0.0
fire&flying_steel&psychic,0.0,0.0,0.0,-121.8,0.0,0.0,0.0,-25.9,0.0,0.0,0.0,-61.3,0.0,0.0,0.0,0.0,0.0,25.7,-79.1,0.0,0.0,0.0,0.0,0.0,0.0,0.0,0.0,0.0,0.0,0.0,0.0,0.0
fire&flying_psychic&fighting,0.0,0.0,0.0,-60.0,0.0,0.0,0.0,-24.7,0.0,0.0,0.0,-2.4,0.0,0.0,0.0,0.0,0.0,0.0,0.5,0.0,0.0,0.0,0.0,0.0,0.0,0.0,0.0,0.0,0.0,0.0,0.0,0.0
fire&flying_rock&dark,0.0,0.0,0.0,22.1,0.0,0.0,0.0,64.4,0.0,0.0,0.0,52.9,0.0,0.0,0.0,0.0,0.0,0.0,121.7,0.0,0.0,0.0,0.0,0.0,0.0,0.0,0.0,0.0,0.0,0.0,0.0,0.0
grass_water&poison,0.0,0.0,0.0,0.0,0.0,0.0,29.3,0.0,0.0,0.0,0.0,0.0,0.0,0.0,0.0,0.0,0.0,0.0,0.0,57.9,45.8,134.5,0.0,0.0,0.0,0.0,0.0,0.0,0.0,0.0,0.0,0.0
grass_psychic&fighting,0.0,0.0,0.0,0.0,0.0,0.0,-15.2,0.0,0.0,0.0,0.0,0.0,0.0,0.0,0.0,0.0,0.0,0.0,0.0,-21.7,-2.4,-12.3,0.0,0.0,0.0,0.0,0.0,0.0,0.0,0.0,0.0,0.0
grass_rock&dark,0.0,0.0,0.0,0.0,0.0,0.0,-32.1,0.0,0.0,0.0,0.0,0.0,0.0,0.0,0.0,0.0,0.0,0.0,0.0,-15.7,-42.1,3.0,0.0,0.0,0.0,0.0,0.0,0.0,0.0,0.0,0.0,0.0
grass_water,0.0,0.0,0.0,0.0,0.0,0.0,7.8,0.0,0.0,0.0,0.0,0.0,0.0,0.0,0.0,0.0,0.0,-1.2,-0.3,-5.4,-12.4,-15.6,0.0,0.0,0.0,0.0,0.0,0.0,0.0,0.0,0.0,0.0
steel_rock&dark,0.0,0.0,0.0,0.0,0.0,0.0,0.0,0.0,0.0,0.0,0.0,0.0,0.0,0.0,0.0,0.0,0.0,46.1,-48.7,0.0,0.0,0.0,-7.0,-2.5,0.0,0.0,0.0,0.0,0.0,0.0,0.0,0.0
steel_rock&flying,0.0,0.0,0.0,0.0,0.0,0.0,0.0,0.0,0.0,0.0,0.0,0.0,0.0,0.0,0.0,0.0,0.0,77.1,-3.2,0.0,-0.8,0.0,-9.4,-37.3,0.0,0.0,0.0,0.0,0.0,0.0,0.0,0.0
water&dragon_rock&dark,120.4,0.0,0.0,0.0,0.0,0.0,0.0,0.0,0.0,0.0,0.0,0.0,0.0,0.0,0.0,0.0,0.0,0.0,0.0,0.0,0.0,0.0,0.0,0.0,75.0,0.0,0.0,0.0,0.0,0.0,0.0,0.0
water&dragon_rock&flying,-30.2,0.0,0.0,0.0,0.0,0.0,0.0,0.0,0.0,0.0,0.0,0.0,0.0,0.0,0.0,0.0,0.0,8.2,0.0,0.0,0.0,0.0,0.0,-7.4,-70.2,0.0,0.0,0.0,0.0,0.0,0.0,0.0
normal_rock&flying,0.0,0.0,0.0,302.3,0.0,0.0,0.0,160.3,0.0,0.0,390.8,0.0,0.0,0.0,0.0,0.0,16.2,207.2,113.0,318.9,-0.7,0.0,0.0,0.0,-11.3,447.4,18.8,0.0,0.0,0.0,0.0,0.0
ice&ground_rock&flying,0.0,0.0,0.0,0.0,0.0,0.0,0.0,0.0,0.0,0.0,0.0,0.0,0.0,0.0,0.0,0.0,0.0,0.0,0.0,0.0,0.0,74.4,-65.5,197.6,0.0,0.0,0.0,0.0,0.0,0.0,0.0,0.0
psychic&grass_psychic&grass,0.0,0.0,93.7,0.0,0.0,0.0,92.3,0.0,0.0,0.0,0.0,0.0,0.0,0.0,0.0,0.0,93.0,0.0,0.0,0.0,0.0,0.0,0.0,0.0,0.0,0.0,65.8,0.0,0.0,0.0,0.0,0.0
poison&flying_psychic&grass,0.0,0.0,0.0,0.0,0.0,0.0,0.0,0.0,0.0,0.0,0.0,26.5,0.0,0.0,0.0,0.0,0.0,-9.7,0.0,0.0,0.0,0.0,0.0,0.0,0.0,0.0,235.9,4.8,0.0,0.0,0.0,0.0
dark_ground&psychic,0.0,0.0,0.0,157.8,0.0,0.0,0.0,0.0,0.0,0.0,0.0,0.0,0.0,0.0,0.0,0.0,0.0,0.0,0.0,0.0,0.0,0.0,0.0,0.0,0.0,0.0,0.0,0.0,0.0,0.0,0.0,0.0
dark_steel&psychic,0.0,0.0,0.0,177.7,0.0,0.0,0.0,0.0,0.0,0.0,0.0,0.0,0.0,0.0,0.0,0.0,0.0,8.8,0.0,0.0,0.0,0.0,0.0,0.0,0.0,0.0,-38.9,0.0,0.0,0.0,0.0,0.0
ground&psychic_poison&flying,0.0,0.0,0.0,0.0,0.0,0.0,0.0,0.0,0.0,0.0,0.0,0.0,0.0,0.0,0.0,0.0,0.0,-86.4,0.0,0.0,0.0,0.0,-87.3,0.0,0.0,0.0,-27.4,0.0,-105.5,0.0,0.0,0.0
ground&psychic_dark,0.0,0.0,0.0,26.8,30.9,0.0,0.0,0.0,0.0,0.0,0.0,0.0,0.0,0.0,0.0,0.0,0.0,-42.6,0.0,0.0,0.0,0.0,-44.7,50.0,0.0,0.0,0.0,0.0,-68.4,0.0,0.0,0.0
ground&psychic_dark&ice,0.0,0.0,0.0,0.0,0.0,0.0,0.0,0.0,0.0,0.0,0.0,0.0,0.0,0.0,0.0,0.0,0.0,-88.5,0.0,0.0,0.0,0.0,-107.1,0.0,0.0,0.0,0.0,-2.8,-61.3,0.0,0.0,0.0
psychic&grass_dark,0.0,0.0,254.7,0.0,0.0,0.0,233.3,0.0,0.0,0.0,0.0,0.0,0.0,0.0,0.0,0.0,338.2,85.1,0.0,0.0,0.0,0.0,0.0,0.0,0.0,0.0,276.0,0.0,0.0,0.0,0.0,0.0
psychic&grass_poison&flying,0.0,0.0,-276.7,-25.4,0.0,0.0,-115.4,0.0,0.0,0.0,0.0,0.0,0.0,0.0,0.0,0.0,-87.3,-1.0,0.0,0.0,0.0,0.0,0.0,0.0,0.0,0.0,-135.3,0.0,0.0,0.0,0.0,0.0
dark&ice_poison&flying,0.0,0.0,0.0,-24.2,0.0,0.0,0.0,0.0,0.0,0.0,-22.3,0.0,0.0,0.0,0.0,0.0,0.0,-38.2,0.0,0.0,-8.7,0.0,0.0,144.4,0.0,0.0,0.0,-29.5,0.0,0.0,0.0,0.0
dark&ice_dark,0.0,0.0,0.0,-19.7,29.3,0.0,0.0,0.0,0.0,0.0,-44.4,0.0,0.0,0.0,0.0,0.0,0.0,-46.8,0.0,0.0,-35.4,0.0,0.0,-80.1,0.0,0.0,24.8,-57.3,23.2,0.0,0.0,0.0
psychic&grass_dark&ice,0.0,0.0,-95.8,-15.3,0.0,0.0,-115.2,0.0,0.0,0.0,0.0,-1.5,0.0,0.0,0.0,0.0,-36.4,0.0,0.0,0.0,0.0,0.0,0.0,0.0,0.0,0.0,-58.9,0.0,0.0,0.0,0.0,0.0
psychic&grass_ground&psychic,0.0,0.0,58.2,0.0,0.0,0.0,84.8,0.0,0.0,0.0,0.0,0.0,0.0,0.0,0.0,0.0,62.6,0.0,0.0,0.0,0.0,0.0,0.0,0.0,0.0,0.0,317.4,0.0,0.0,0.0,0.0,0.0
dark_dark,0.0,0.0,0.0,112.7,0.0,0.0,0.0,0.0,0.0,0.0,0.0,0.0,0.0,0.0,0.0,0.0,27.8,122.2,0.0,0.0,0.0,0.0,0.0,34.0,0.0,0.0,3.5,92.8,0.0,0.0,0.0,0.0
dark_psychic&grass,0.0,0.0,0.0,4.0,0.0,0.0,0.0,0.0,0.0,0.0,0.0,0.0,0.0,0.0,0.0,0.0,0.0,-16.6,0.0,0.0,0.0,0.0,0.0,0.0,0.0,0.0,0.0,0.0,0.0,0.0,0.0,0.0
poison&flying_dark,0.0,0.0,0.0,0.0,0.0,0.0,0.0,0.0,0.0,0.0,0.0,155.2,0.0,0.0,0.0,0.0,0.0,107.4,0.0,0.0,0.0,0.0,0.0,0.0,0.0,0.0,298.4,79.4,0.0,0.0,0.0,0.0
poison&flying_steel&psychic,0.0,0.0,0.0,0.0,0.0,0.0,0.0,0.0,0.0,0.0,0.0,135.2,0.0,0.0,0.0,0.0,0.0,161.8,0.0,0.0,0.0,0.0,0.0,0.0,0.0,0.0,277.0,115.0,0.0,0.0,0.0,0.0
poison&flying_poison&flying,0.0,0.0,-10.8,4.4,0.0,0.0,0.0,0.0,0.0,0.0,0.0,69.8,0.0,0.0,0.0,0.0,-3.7,40.7,0.0,0.0,0.0,0.0,0.0,0.0,0.0,0.0,26.1,23.0,2.0,0.0,0.0,0.0
dark&ice_steel&psychic,0.0,0.0,0.0,-81.2,0.0,0.0,0.0,0.0,0.0,0.0,-105.2,0.0,0.0,0.0,0.0,0.0,0.0,-127.8,0.0,0.0,-90.8,0.0,0.0,26.7,0.0,0.0,0.0,-103.1,0.0,0.0,0.0,0.0
dark&ice_ground&psychic,0.0,0.0,0.0,-12.1,0.0,0.0,0.0,0.0,0.0,0.0,-21.0,0.0,0.0,0.0,0.0,0.0,0.0,-35.5,0.0,0.0,107.9,0.0,0.0,-53.4,0.0,0.0,0.0,-31.9,0.0,0.0,0.0,0.0
dark&ice_psychic&grass,0.0,0.0,0.0,-2.8,0.0,0.0,0.0,0.0,0.0,0.0,10.8,0.0,0.0,0.0,0.0,0.0,0.0,20.0,0.0,0.0,169.3,0.0,0.0,117.5,0.0,0.0,0.0,2.5,0.0,0.0,0.0,0.0
steel&psychic_psychic&grass,0.0,0.0,-68.2,-65.0,-27.6,-52.4,-80.5,0.0,0.0,0.0,0.0,0.0,0.0,-17.3,0.0,0.0,-63.3,51.4,0.0,0.0,0.0,-75.6,0.0,0.0,0.0,0.0,-34.7,0.0,0.0,0.0,0.0,-6.4
steel&psychic_poison&flying,-18.7,0.0,-91.0,-22.7,-92.3,-58.4,-90.8,0.0,0.0,-27.0,-39.2,0.0,-10.5,-12.4,0.0,0.0,-101.4,-65.7,0.0,-11.0,0.0,-165.9,0.0,-7.6,0.0,0.0,-102.4,-18.9,0.0,0.0,0.0,-29.5
steel&psychic_dark,34.9,0.0,-49.5,3.5,29.6,-81.5,-95.3,0.0,0.0,0.0,51.8,0.0,53.8,0.0,0.0,0.0,9.5,-7.7,0.0,0.0,0.0,116.1,0.0,0.0,0.0,0.0,118.2,0.0,0.0,0.0,0.0,2.6
dark_poison&flying,0.0,0.0,0.0,-3.0,-12.3,0.0,0.0,0.0,0.0,0.0,0.0,0.0,0.0,0.0,0.0,0.0,0.0,-4.1,0.0,0.0,0.0,0.0,0.0,0.0,0.0,0.0,-39.8,0.0,-12.5,0.0,0.0,0.0
ground&psychic_psychic&grass,0.0,0.0,0.0,0.0,0.0,0.0,0.0,0.0,0.0,0.0,0.0,0.0,0.0,0.0,0.0,0.0,0.0,-15.9,0.0,0.0,0.0,0.0,2.9,0.0,0.0,0.0,0.0,0.0,-29.7,0.0,0.0,0.0
ground&psychic_steel&psychic,0.0,0.0,0.0,0.0,-13.2,0.0,0.0,0.0,0.0,0.0,0.0,0.0,0.0,0.0,0.0,0.0,0.0,-51.7,0.0,0.0,0.0,0.0,-138.6,0.0,0.0,0.0,0.0,0.0,-182.6,0.0,0.0,0.0
dark&ice_dark&ice,0.0,0.0,0.0,4.9,0.0,0.0,0.0,0.0,0.0,0.0,1.4,0.0,0.0,0.0,0.0,0.0,0.0,120.8,0.0,0.0,15.0,0.0,0.0,100.5,0.0,0.0,0.0,22.0,0.0,0.0,0.0,0.0
poison&flying_dark&ice,0.0,0.0,0.0,-14.4,0.0,0.0,0.0,0.0,0.0,0.0,0.0,11.8,0.0,0.0,0.0,0.0,0.0,-79.4,0.0,0.0,0.0,0.0,0.0,0.0,0.0,0.0,-80.6,-70.2,-1.7,0.0,0.0,0.0
psychic&grass_steel&psychic,0.0,0.0,43.6,0.0,0.0,0.0,117.2,0.0,0.0,0.0,0.0,0.0,0.0,0.0,0.0,0.0,172.8,48.3,0.0,0.0,0.0,0.0,0.0,0.0,0.0,0.0,273.9,0.0,0.0,0.0,0.0,0.0
ground&psychic_ground&psychic,0.0,0.0,0.0,0.0,0.0,0.0,0.0,0.0,0.0,0.0,0.0,0.0,0.0,0.0,0.0,0.0,0.0,1.8,0.0,0.0,0.0,0.0,-14.3,0.0,0.0,0.0,0.0,0.0,-39.5,0.0,0.0,0.0
steel&psychic_ground&psychic,0.0,0.0,3.2,11.8,93.7,0.1,17.3,0.0,0.0,0.0,0.0,0.0,0.0,0.0,0.0,0.0,1.6,121.6,0.0,0.0,0.0,-34.3,0.0,0.0,0.0,0.0,124.0,0.0,0.0,0.0,0.0,0.0
water_water,18.3,-9.0,6.5,-5.8,-10.7,0.0,0.0,0.0,0.0,0.0,-7.3,0.0,0.0,-0.3,-6.1,0.0,-7.0,20.6,0.0,0.0,0.0,-5.2,0.0,0.0,0.0,0.0,0.0,-12.0,0.0,0.0,0.0,0.0
steel&psychic_water,0.0,0.0,-6.0,18.1,19.2,13.7,118.9,0.0,0.0,-10.2,-71.9,0.0,0.0,0.0,0.0,0.0,-25.9,178.1,-12.0,0.0,0.0,130.5,-1.1,0.0,0.0,0.0,186.5,0.0,0.0,0.0,0.0,0.0
steel&psychic_water&poison,0.0,0.0,-50.7,-112.5,-21.0,0.1,-76.5,0.0,0.0,0.0,0.0,0.0,0.0,0.0,0.0,0.0,-17.2,75.4,0.0,0.0,0.0,8.8,0.0,0.0,0.0,0.0,-123.2,0.0,0.0,0.0,0.0,0.0
bug&fighting_water&poison,0.0,0.0,0.0,14.4,0.0,0.0,0.0,0.0,0.0,0.0,-2.3,0.0,0.0,0.0,0.0,0.0,0.0,229.8,0.0,0.0,0.0,0.0,0.0,0.0,0.0,0.0,1.4,0.0,0.0,0.0,0.0,0.0
bug&fighting_steel&psychic,0.0,0.0,0.0,-29.0,0.0,0.0,0.0,0.0,0.0,0.0,37.4,0.0,0.0,0.0,0.0,0.0,0.0,19.1,0.0,0.0,0.0,0.0,0.0,0.0,0.0,0.0,122.2,0.0,0.0,0.0,0.0,0.0
fighting_normal&flying,0.0,0.0,0.0,-26.8,0.0,0.0,0.0,0.0,0.0,0.0,-94.0,0.0,0.0,-9.9,0.0,0.0,-28.7,12.2,0.0,0.0,-33.3,24.9,0.0,0.0,0.0,0.0,-9.5,0.0,0.0,-12.8,0.0,0.0
normal&flying_normal&flying,0.0,0.0,0.0,12.8,0.0,0.0,0.0,0.0,0.0,0.0,38.8,0.0,0.0,1.6,0.0,0.0,4.3,2.5,0.0,0.0,-10.7,0.0,0.0,0.0,0.0,17.6,0.0,0.0,0.0,66.6,0.0,0.0
normal&flying_bug&fighting,0.0,0.0,0.0,-40.9,0.0,0.0,0.0,0.0,0.0,0.0,0.0,0.0,0.0,0.0,0.0,0.0,0.0,0.0,0.0,0.0,0.0,0.0,0.0,0.0,0.0,-43.7,0.0,0.0,0.0,44.8,0.0,0.0
water&poison_bug&fighting,-68.5,0.0,0.0,-62.0,0.0,0.0,0.0,0.0,0.0,0.0,0.0,0.0,0.0,-14.2,-99.9,0.0,0.0,0.0,0.0,0.0,0.0,0.0,0.0,0.0,0.0,0.0,0.0,0.0,0.0,0.0,0.0,0.0
water&poison_fighting,17.1,0.0,0.0,-7.4,0.0,0.0,0.0,0.0,0.0,0.0,0.0,0.0,0.0,29.5,68.6,0.0,0.0,0.0,0.0,0.0,0.0,0.0,0.0,0.0,0.0,0.0,0.0,0.0,0.0,0.0,0.0,0.0
fighting_psychic&grass,0.0,0.0,0.0,-29.8,0.0,0.0,0.0,0.0,0.0,0.0,164.7,0.0,0.0,0.0,0.0,0.0,42.0,0.0,0.0,0.0,9.4,0.0,0.0,0.0,0.0,0.0,0.0,0.0,0.0,0.0,0.0,0.0
fighting_dark,0.0,0.0,0.0,191.6,0.0,0.0,0.0,0.0,0.0,0.0,185.2,0.0,0.0,38.9,53.9,0.0,226.1,108.4,0.0,0.0,202.1,0.0,0.0,0.0,0.0,46.5,36.3,0.0,0.0,0.0,0.0,0.0
fighting_poison&flying,0.0,0.0,0.0,-17.2,0.0,0.0,0.0,0.0,0.0,0.0,135.8,0.0,0.0,0.0,0.0,0.0,16.5,0.0,0.0,0.0,18.5,0.0,0.0,0.0,0.0,0.0,-10.5,0.0,0.0,0.0,0.0,0.0
fighting_steel&psychic,-16.6,0.0,0.0,-132.9,0.0,0.0,0.0,0.0,0.0,0.0,80.7,0.0,0.0,0.0,0.1,0.0,-177.5,-37.1,0.0,0.0,-111.0,0.0,0.0,0.0,0.0,0.0,0.0,0.0,0.0,0.0,0.0,0.0
fighting_ground&psychic,0.0,0.0,0.0,-14.8,0.0,0.0,0.0,0.0,0.0,0.0,22.1,0.0,0.0,0.0,0.0,0.0,21.7,0.0,0.0,0.0,-4.8,0.0,0.0,0.0,0.0,0.0,0.0,0.0,0.0,0.0,0.0,0.0
fighting_dark&ice,0.0,0.0,0.0,11.2,0.0,0.0,0.0,0.0,0.0,0.0,83.9,0.0,0.0,0.0,0.0,0.0,-31.4,1.4,0.0,0.0,-42.8,0.0,0.0,0.0,0.0,0.0,0.0,0.0,0.0,-6.0,0.0,0.0
normal&flying_ground&psychic,0.0,0.0,0.0,11.2,0.0,0.0,0.0,0.0,0.0,0.0,0.0,0.0,0.0,0.0,0.0,0.0,0.0,0.0,0.0,0.0,0.0,0.0,0.0,0.0,0.0,-1.9,0.0,0.0,0.0,1.9,0.0,0.0
normal&flying_psychic&grass,0.0,0.0,0.0,17.6,0.0,0.0,0.0,0.0,0.0,0.0,0.0,0.0,0.0,0.0,0.0,0.0,0.0,0.0,0.0,0.0,0.0,0.0,0.0,0.0,0.0,19.9,0.0,0.0,0.0,80.0,0.0,0.0
normal&flying_dark,0.0,0.0,0.0,242.6,0.0,0.0,0.0,0.0,0.0,0.0,0.0,0.0,0.0,0.0,0.0,0.0,0.0,248.5,0.0,0.0,0.0,0.0,0.0,0.0,0.0,230.0,0.0,0.0,0.0,237.6,0.0,0.0
normal&flying_dark&ice,0.0,0.0,0.0,-62.8,0.0,0.0,0.0,0.0,0.0,0.0,-12.7,0.0,0.0,0.0,0.0,0.0,0.0,0.0,0.0,0.0,0.0,0.0,0.0,0.0,0.0,-92.7,0.0,0.0,0.0,-74.5,0.0,0.0
normal&flying_poison&flying,0.0,0.0,0.0,-89.7,0.0,0.0,0.0,0.0,0.0,0.0,-17.5,0.0,0.0,-22.0,0.0,0.0,-15.1,-12.4,0.0,0.0,0.0,0.0,0.0,0.0,0.0,-80.2,-10.1,0.0,0.0,-58.8,0.0,0.0
psychic&grass_fire&flying,0.0,0.0,326.3,0.0,0.0,0.0,78.5,0.0,0.0,0.0,0.0,0.0,0.0,0.0,0.0,0.0,348.1,0.0,0.0,0.0,0.0,0.0,0.0,0.0,0.0,0.0,428.0,0.0,0.0,0.0,0.0,0.0
dark_fire&flying,0.0,0.0,0.0,-33.9,0.0,0.0,0.0,0.0,0.0,0.0,0.0,0.0,0.0,0.0,0.0,0.0,0.0,0.0,0.0,0.0,0.0,0.0,0.0,0.0,0.0,0.0,0.0,0.0,0.0,0.0,0.0,0.0
ground&psychic_fire&flying,0.0,0.0,0.0,0.0,0.0,0.0,0.0,0.0,0.0,0.0,0.0,0.0,0.0,0.0,0.0,0.0,0.0,-102.6,0.0,0.0,0.0,0.0,-104.9,0.0,0.0,0.0,0.0,0.0,-90.3,0.0,0.0,0.0
steel&psychic_fire&flying,0.0,0.0,18.6,16.9,129.7,-1.7,2.1,0.0,0.0,0.0,0.0,0.0,0.0,0.0,0.0,0.0,87.5,405.2,0.0,0.0,0.0,-1.5,0.0,0.0,0.0,0.0,241.5,0.0,0.0,0.0,0.0,0.0
dark&ice_water&dragon,0.0,0.0,0.0,9.3,0.0,0.0,0.0,0.0,0.0,0.0,-48.1,0.0,0.0,0.0,0.0,0.0,0.0,-63.8,0.0,0.0,-11.3,0.0,0.0,-33.0,0.0,0.0,0.0,4.6,0.0,0.0,0.0,0.0
poison&flying_water&dragon,0.0,0.0,0.0,0.0,0.0,0.0,0.0,0.0,0.0,0.0,0.0,-37.0,0.0,0.0,0.0,0.0,0.0,0.6,0.0,0.0,0.0,0.0,0.0,0.0,0.0,0.0,238.4,12.6,0.0,0.0,0.0,0.0
dark_water&dragon,0.0,0.0,0.0,7.2,0.0,0.0,0.0,0.0,0.0,0.0,0.0,0.0,0.0,0.0,0.0,0.0,0.0,0.0,0.0,0.0,0.0,0.0,0.0,0.0,0.0,0.0,0.0,0.0,0.0,0.0,0.0,0.0
poison&flying_normal,0.0,0.0,0.0,35.1,0.0,0.0,0.0,0.0,0.0,0.0,0.0,50.4,0.0,0.0,0.0,0.0,0.0,137.6,0.0,0.0,0.0,0.0,0.0,0.0,0.0,0.0,149.2,77.9,0.0,0.0,0.0,0.0
dark_normal,0.0,0.0,0.0,181.1,0.0,0.0,0.0,0.0,0.0,0.0,0.0,0.0,0.0,0.0,0.0,0.0,0.0,6.9,0.0,0.0,0.0,0.0,0.0,0.0,0.0,0.0,97.7,0.0,0.0,0.0,0.0,0.0
dark_ice&ground,0.0,0.0,0.0,-47.8,0.0,0.0,0.0,0.0,0.0,0.0,0.0,0.0,0.0,0.0,0.0,0.0,0.0,0.0,0.0,0.0,0.0,0.0,0.0,0.0,0.0,0.0,0.0,0.0,0.0,0.0,0.0,0.0
poison&flying_fire&flying,0.0,0.0,0.0,0.0,0.0,0.0,0.0,0.0,0.0,0.0,0.0,327.4,0.0,0.0,0.0,0.0,16.5,162.9,0.0,0.0,0.0,0.0,0.0,0.0,0.0,0.0,355.6,300.3,0.0,0.0,0.0,0.0
poison&flying_ice&ground,0.0,0.0,0.0,0.0,0.0,0.0,0.0,0.0,0.0,0.0,0.0,22.0,0.0,0.0,0.0,0.0,0.0,157.1,0.0,0.0,0.0,0.0,0.0,0.0,0.0,0.0,374.5,16.4,0.0,0.0,0.0,0.0
steel&psychic_ice&ground,0.0,0.0,-130.3,-204.4,-152.9,-146.4,-125.2,0.0,0.0,0.0,0.0,0.0,0.0,0.0,0.0,0.0,-280.9,-207.1,0.0,0.0,0.0,-157.7,0.0,0.0,0.0,0.0,-245.5,0.0,0.0,0.0,0.0,0.0
steel&psychic_grass,0.0,0.0,223.1,-19.3,65.4,85.9,0.0,0.0,0.0,0.0,0.0,0.0,0.0,0.0,0.0,0.0,52.5,426.3,0.0,0.0,0.0,109.2,0.0,0.0,0.0,0.0,260.0,0.0,0.0,0.0,0.0,0.0
psychic&grass_normal,0.0,0.0,139.6,11.6,0.0,0.0,183.7,0.0,0.0,0.0,0.0,0.0,0.0,0.0,0.0,0.0,180.0,24.1,0.0,0.0,0.0,0.0,0.0,0.0,0.0,0.0,239.2,0.0,0.0,0.0,0.0,0.0
psychic&grass_water&dragon,0.0,0.0,140.6,0.0,0.0,0.0,0.0,0.0,0.0,0.0,0.0,0.0,0.0,0.0,0.0,0.0,56.3,0.0,0.0,0.0,0.0,0.0,0.0,0.0,0.0,0.0,0.0,0.0,0.0,0.0,0.0,0.0
psychic&grass_steel,0.0,0.0,-51.8,0.0,0.0,0.0,0.0,0.0,0.0,0.0,0.0,0.0,0.0,0.0,0.0,0.0,-56.5,0.0,0.0,0.0,0.0,0.0,0.0,0.0,0.0,0.0,113.7,0.0,0.0,0.0,0.0,0.0
dark&ice_normal,0.0,0.0,0.0,-52.5,0.0,0.0,0.0,0.0,0.0,0.0,-80.8,0.0,0.0,0.0,0.0,0.0,0.0,-66.8,0.0,0.0,24.4,0.0,0.0,-72.5,0.0,0.0,0.0,-43.4,0.0,0.0,0.0,0.0
dark&ice_fire&flying,0.0,0.0,0.0,-35.5,0.0,0.0,0.0,0.0,0.0,0.0,-150.9,0.0,0.0,0.0,0.0,0.0,0.0,-58.4,0.0,0.0,-61.8,0.0,0.0,-71.2,0.0,0.0,0.0,-30.4,0.0,0.0,0.0,0.0
dark&ice_steel,0.0,0.0,0.0,-43.3,0.0,0.0,0.0,0.0,0.0,0.0,-45.5,0.0,0.0,0.0,0.0,0.0,0.0,-70.2,0.0,0.0,-42.3,0.0,0.0,-76.4,0.0,0.0,0.0,-7.6,0.0,0.0,0.0,0.0
poison&flying_steel,0.0,0.0,0.0,0.0,0.0,0.0,0.0,0.0,0.0,0.0,0.0,-48.2,0.0,0.0,0.0,0.0,0.0,-40.4,0.0,0.0,0.0,0.0,0.0,0.0,0.0,0.0,15.6,-73.9,0.0,0.0,0.0,0.0
ground&psychic_steel,0.0,0.0,0.0,0.0,0.0,0.0,0.0,0.0,0.0,0.0,0.0,0.0,0.0,0.0,0.0,0.0,0.0,21.8,0.0,0.0,0.0,0.0,-13.5,0.0,0.0,0.0,0.0,0.0,5.6,0.0,0.0,0.0
dark_steel,0.0,0.0,0.0,53.8,0.0,0.0,0.0,0.0,0.0,0.0,0.0,0.0,0.0,0.0,0.0,0.0,0.0,0.0,0.0,0.0,0.0,0.0,0.0,0.0,0.0,0.0,7.0,0.0,0.0,0.0,0.0,0.0
grass&fighting_water,0.0,0.0,0.0,-16.4,0.0,0.0,0.0,0.0,0.0,0.0,67.3,0.0,0.0,0.0,0.0,0.0,0.0,0.0,0.0,35.5,0.0,0.0,0.0,0.0,0.0,0.0,0.0,0.0,0.0,0.0,0.0,0.0
grass&fighting_water&poison,0.0,0.0,0.0,55.3,0.0,0.0,0.0,0.0,0.0,0.0,250.4,0.0,0.0,0.0,0.0,0.0,0.0,0.0,0.0,51.8,0.0,0.0,0.0,0.0,0.0,0.0,0.0,0.0,0.0,0.0,0.0,0.0
grass&fighting_steel&psychic,0.0,0.0,0.0,94.4,0.0,0.0,0.0,0.0,0.0,0.0,174.2,0.0,0.0,0.0,0.0,0.0,0.0,68.6,0.0,50.4,0.0,0.0,0.0,0.0,0.0,0.0,0.0,0.0,0.0,0.0,0.0,0.0
dark&ice_fighting,0.0,0.0,0.0,4.0,0.0,0.0,0.0,0.0,0.0,0.0,-77.9,0.0,0.0,0.0,0.0,0.0,0.0,-34.9,0.0,0.0,-31.9,0.0,0.0,-38.4,0.0,0.0,4.8,-77.8,0.0,0.0,0.0,0.0
psychic_fighting,0.0,0.0,0.0,0.0,0.0,0.0,0.0,0.0,0.0,0.0,0.0,0.0,0.0,0.0,0.0,0.0,0.0,458.9,0.0,0.0,0.0,0.0,-3.1,0.0,0.0,0.0,79.1,13.5,0.0,0.0,0.0,0.0
steel&psychic_fighting,0.0,0.0,20.5,0.0,194.1,586.5,56.1,0.0,0.0,0.0,0.0,0.0,0.0,0.0,0.0,0.0,30.1,20.9,0.0,0.0,0.0,343.2,0.0,0.0,0.0,0.0,370.7,0.0,0.0,0.0,0.0,0.0
ghost&dark_fighting,0.0,0.0,0.0,13.0,0.0,0.0,0.0,0.0,0.0,0.0,0.0,0.0,0.0,0.0,0.0,0.0,60.2,0.0,0.0,0.0,0.0,0.0,0.0,0.0,0.0,0.0,0.0,0.0,0.0,0.0,241.4,31.7
ghost&dark_bug&fighting,0.0,0.0,0.0,91.3,0.0,0.0,0.0,0.0,0.0,0.0,0.0,0.0,0.0,0.0,0.0,0.0,245.7,0.0,0.0,0.0,0.0,0.0,0.0,0.0,0.0,0.0,0.0,0.0,0.0,0.0,8.7,69.0
ghost&dark_normal&flying,0.0,0.0,0.0,-52.4,0.0,0.0,0.0,0.0,0.0,0.0,-3.8,0.0,0.0,0.0,0.0,0.0,126.9,-13.2,0.0,0.0,0.0,0.0,0.0,-4.0,0.0,0.0,-16.9,0.0,0.0,0.0,11.4,60.0
steel&psychic_normal&flying,-18.0,-15.9,-56.6,-119.7,-33.7,-99.6,-77.0,-11.1,0.0,0.0,-32.8,0.0,0.0,-48.4,0.0,-44.9,-116.8,-72.7,-3.4,-8.9,0.0,-216.2,0.0,-8.5,0.0,0.0,-28.8,0.0,0.0,-8.2,-30.9,-24.7
normal_normal&flying,95.0,0.0,0.0,98.6,0.0,0.0,0.0,96.4,0.0,0.0,147.3,0.0,0.0,0.0,0.0,0.0,2.5,0.0,89.0,15.0,0.0,0.0,0.0,11.1,4.9,0.0,52.5,0.0,0.0,0.0,12.0,0.0
grass&fighting_poison&flying,0.0,0.0,0.0,142.3,0.0,0.0,0.0,0.0,0.0,0.0,156.7,0.0,0.0,0.0,0.0,0.0,0.0,143.6,0.0,169.7,0.0,0.0,0.0,0.0,0.0,0.0,0.0,0.0,0.0,0.0,0.0,0.0
grass&fighting_dark,0.0,0.0,0.0,11.1,0.0,0.0,0.0,0.0,0.0,0.0,203.4,0.0,0.0,0.0,0.0,0.0,0.0,14.9,0.0,99.0,0.0,0.0,0.0,0.0,0.0,0.0,0.0,0.0,0.0,0.0,0.0,0.0
grass&fighting_psychic&grass,0.0,0.0,0.0,49.6,0.0,0.0,0.0,0.0,0.0,0.0,170.0,0.0,0.0,0.0,0.0,0.0,0.0,70.1,0.0,46.9,0.0,0.0,0.0,0.0,0.0,0.0,0.5,0.0,0.0,0.0,-18.8,0.0
grass&fighting_dark&ice,0.0,0.0,0.0,12.7,0.0,0.0,0.0,0.0,0.0,0.0,129.5,0.0,0.0,0.0,0.0,0.0,0.0,23.3,0.0,34.8,0.0,0.0,0.0,0.0,0.0,0.0,0.0,0.0,0.0,0.0,0.0,0.0
grass&fighting_ground&psychic,0.0,0.0,0.0,56.0,0.0,0.0,0.0,0.0,0.0,0.0,152.1,0.0,0.0,0.0,0.0,0.0,0.0,30.9,0.0,72.8,0.0,0.0,0.0,0.0,0.0,0.0,0.0,0.0,0.0,0.0,0.0,0.0
normal_psychic&grass,0.0,0.0,0.0,112.2,0.0,0.0,0.0,36.0,0.0,0.0,31.5,0.0,0.0,0.0,0.0,0.0,0.0,0.0,73.4,12.8,0.0,0.0,0.0,0.0,0.0,10.5,0.0,0.0,0.0,0.0,0.0,0.0
steel&psychic_rock&flying,0.0,0.0,0.0,48.0,109.4,-3.9,-10.1,0.0,0.0,0.0,-6.8,0.0,-3.5,-0.7,0.0,0.0,72.6,-26.3,0.0,0.0,0.0,-63.3,0.0,0.0,0.0,0.0,45.0,0.0,0.0,0.0,0.0,0.0
normal&flying_rock&flying,0.0,0.0,0.0,-111.9,0.0,0.0,0.0,0.0,0.0,0.0,0.0,0.0,0.0,0.0,0.0,0.0,0.0,0.0,0.0,0.0,0.0,-12.7,0.0,0.0,0.0,-115.9,0.0,0.0,0.0,-73.7,0.0,0.0
bug&fighting_rock&flying,-31.0,0.0,0.0,-50.9,0.0,0.0,0.0,0.0,0.0,0.0,-44.9,0.0,0.0,0.0,0.0,0.0,0.0,-74.0,0.0,0.0,0.0,0.0,0.0,0.0,0.0,0.0,-67.7,0.0,0.0,0.0,0.0,0.0
water&poison_rock&flying,-75.4,0.0,0.0,-113.2,0.0,-31.3,0.0,0.0,0.0,0.0,0.0,0.0,-7.4,-108.5,-112.2,0.0,0.0,0.0,0.0,0.0,0.0,0.0,0.0,0.0,0.0,-17.2,0.0,0.0,0.0,0.0,0.0,0.0
water&poison_rock&dark,16.7,0.0,0.0,16.5,0.0,0.0,0.0,0.0,0.0,0.0,0.0,0.0,0.0,22.0,143.7,0.0,0.0,0.0,0.0,0.0,0.0,0.0,0.0,0.0,0.0,0.0,0.0,0.0,0.0,0.0,0.0,0.0
fighting_rock&dark,0.0,0.0,0.0,-74.3,0.0,0.0,0.0,0.0,0.0,0.0,8.1,0.0,0.0,0.0,0.0,0.0,-65.4,0.0,0.0,0.0,-44.1,0.0,0.0,0.0,0.0,0.0,0.0,0.0,0.0,0.0,0.0,0.0
bug&fighting_psychic&grass,0.0,0.0,0.0,-21.0,0.0,0.0,0.0,0.0,0.0,0.0,-31.1,0.0,0.0,0.0,0.0,0.0,0.0,-22.8,0.0,0.0,0.0,0.0,0.0,0.0,0.0,0.0,69.4,0.0,0.0,0.0,0.0,0.0
bug&fighting_dark,0.0,0.0,0.0,0.0,0.0,0.0,0.0,0.0,0.0,0.0,221.5,0.0,0.0,0.0,0.0,0.0,0.0,7.9,0.0,0.0,0.0,0.0,0.0,0.0,0.0,0.0,17.6,0.0,0.0,0.0,0.0,0.0
psychic&fighting_rock&flying,0.0,0.0,0.0,0.0,0.0,0.0,0.0,0.0,0.0,0.0,47.5,0.0,58.4,0.0,0.0,53.8,-22.6,15.3,0.0,0.0,0.0,0.0,0.0,0.0,0.0,0.0,0.0,0.0,0.0,0.0,0.0,0.0
psychic&fighting_rock&dark,0.0,0.0,0.0,0.0,0.0,0.0,0.0,0.0,0.0,0.0,174.6,0.0,67.3,0.0,0.0,3.5,-4.2,0.0,0.0,0.0,0.0,0.0,0.0,0.0,0.0,0.0,0.0,0.0,0.0,0.0,0.0,0.0
psychic&fighting_psychic&fighting,0.0,0.0,0.0,0.0,0.0,0.0,0.0,0.0,0.0,0.0,-35.1,0.0,-22.1,0.0,0.0,53.2,10.6,0.0,0.0,0.0,0.0,0.0,0.0,0.0,0.0,0.0,0.0,0.0,0.0,0.0,0.0,0.0
rock&flying_psychic&fighting,0.0,0.0,0.0,-80.6,0.0,0.0,0.0,0.0,0.0,0.0,0.0,-145.5,3.1,0.0,0.0,0.0,0.0,0.0,0.0,0.0,0.0,0.0,0.0,0.0,0.0,0.0,0.0,0.0,0.0,0.0,0.0,0.0
water&poison_psychic&fighting,-46.3,0.0,0.0,-24.8,0.0,0.0,0.0,0.0,0.0,0.0,0.0,0.0,0.0,-29.1,-18.3,0.0,0.0,0.0,0.0,0.0,0.0,0.0,0.0,0.0,0.0,0.0,0.0,0.0,0.0,0.0,0.0,0.0
water_normal&flying,-11.8,-36.7,-33.8,-56.7,0.0,0.0,0.0,0.0,0.0,0.0,0.0,0.0,0.0,-14.6,0.0,0.0,0.0,-48.6,0.0,0.0,0.0,0.0,0.0,0.0,0.0,0.0,0.0,0.0,0.0,0.0,0.0,0.0
water_fighting,173.3,51.0,77.4,29.0,0.0,0.0,0.0,0.0,0.0,0.0,0.0,0.0,0.0,21.7,0.0,0.0,0.0,99.2,0.0,0.0,0.0,0.0,0.0,0.0,0.0,0.0,0.0,0.0,0.0,0.0,0.0,0.0
water_water&poison,-34.4,-25.6,-43.6,-50.4,0.0,0.0,0.0,0.0,0.0,0.0,0.0,0.0,0.0,-26.2,0.0,0.0,0.0,-22.1,0.0,0.0,0.0,0.0,0.0,0.0,0.0,0.0,0.0,0.0,0.0,0.0,0.0,0.0
water&poison_water&poison,-21.0,0.0,0.0,17.6,0.0,0.0,0.0,0.0,0.0,0.0,0.0,0.0,0.0,-11.3,-5.1,0.0,0.0,0.0,0.0,0.0,0.0,0.0,0.0,0.0,0.0,0.0,0.0,0.0,0.0,0.0,0.0,0.0
water&poison_normal&flying,-3.0,0.0,0.0,-1.0,-7.2,0.0,0.0,0.0,0.0,0.0,0.0,0.0,0.0,22.5,24.4,0.0,0.0,0.0,0.0,0.0,0.0,0.0,0.0,0.0,0.0,0.0,0.0,0.0,0.0,0.0,0.0,0.0
ghost&dark_water,0.0,0.0,0.0,-66.1,0.0,0.0,0.0,0.0,0.0,0.0,0.0,0.0,0.0,0.0,0.0,0.0,-39.5,0.0,0.0,0.0,0.0,0.0,0.0,0.0,0.0,0.0,0.0,0.0,0.0,0.0,-42.5,-30.7
psychic_water,0.0,0.0,0.0,0.0,0.0,0.0,0.0,0.0,0.0,0.0,0.0,0.0,0.0,0.0,0.0,0.0,0.0,103.6,0.0,0.0,0.0,0.0,-18.6,0.0,0.0,0.0,571.9,-4.0,0.0,0.0,0.0,0.0
normal_water&poison,0.0,0.0,0.0,273.8,0.0,0.0,0.0,186.0,0.0,0.0,172.7,11.0,0.0,0.0,0.0,0.0,0.0,0.0,97.0,62.1,0.0,0.0,0.0,-18.0,18.7,37.7,0.0,0.0,0.0,0.0,0.0,0.0
normal_bug&fighting,0.0,0.0,0.0,-244.2,0.0,0.0,0.0,-415.1,0.0,0.0,-305.3,0.0,0.0,0.0,0.0,0.0,0.0,0.0,-313.7,-325.8,0.0,0.0,0.0,0.0,0.0,-227.1,0.0,0.0,0.0,0.0,0.0,0.0
steel&psychic_bug&fighting,0.0,0.0,-169.0,-210.9,-176.0,-94.7,-127.1,0.0,0.0,0.0,0.0,0.0,0.0,0.0,0.0,0.0,-169.4,-129.0,0.0,0.0,0.0,-100.0,0.0,0.0,0.0,0.0,-165.9,0.0,0.0,0.0,0.0,0.0
dark&ice_bug&fighting,0.0,0.0,0.0,-24.1,0.0,0.0,0.0,0.0,0.0,0.0,-118.7,0.0,0.0,0.0,0.0,0.0,0.0,-41.0,0.0,0.0,-17.1,0.0,0.0,-4.9,0.0,0.0,0.0,-49.2,0.0,0.0,0.0,0.0
grass&fighting_normal&flying,0.0,0.0,0.0,4.9,0.0,0.0,0.0,0.0,0.0,0.0,119.7,0.0,0.0,0.0,0.0,0.0,0.0,0.0,0.0,-45.3,0.0,0.0,0.0,0.0,0.0,0.0,0.0,0.0,0.0,0.0,0.0,0.0
grass&fighting_fighting,0.0,0.0,0.0,47.0,0.0,0.0,0.0,0.0,0.0,0.0,237.6,0.0,0.0,0.0,0.0,0.0,0.0,0.0,0.0,121.4,0.0,0.0,0.0,0.0,0.0,0.0,0.0,0.0,0.0,0.0,0.0,0.0
grass&fighting_bug&fighting,0.0,0.0,0.0,-9.0,0.0,0.0,0.0,0.0,0.0,0.0,108.3,0.0,0.0,0.0,0.0,0.0,0.0,0.0,0.0,-63.3,0.0,0.0,0.0,0.0,0.0,0.0,0.0,0.0,0.0,0.0,0.0,0.0
psychic&grass_grass&fighting,0.0,0.0,316.8,139.1,0.0,0.0,95.0,0.0,0.0,0.0,0.0,0.0,0.0,0.0,0.0,0.0,305.5,41.8,0.0,0.0,0.0,0.0,0.0,0.0,0.0,0.0,357.5,0.0,0.0,0.0,0.0,0.0
dark_grass&fighting,0.0,0.0,0.0,-30.9,0.0,0.0,0.0,0.0,0.0,0.0,0.0,0.0,0.0,0.0,0.0,0.0,0.0,0.0,0.0,0.0,0.0,0.0,0.0,0.0,0.0,0.0,-3.0,0.0,0.0,0.0,0.0,0.0
poison&flying_grass&fighting,0.0,0.0,0.0,26.9,0.0,0.0,0.0,0.0,0.0,0.0,0.0,121.9,0.0,0.0,0.0,0.0,0.0,79.5,0.0,0.0,0.0,0.0,0.0,0.0,0.0,0.0,90.6,120.0,0.0,0.0,0.0,0.0
dark&ice_grass&fighting,0.0,0.0,0.0,-1.6,0.0,0.0,0.0,0.0,0.0,0.0,-8.0,0.0,0.0,0.0,0.0,0.0,0.0,64.5,0.0,0.0,43.2,0.0,0.0,226.7,0.0,0.0,0.0,-45.8,0.0,0.0,0.0,0.0
dark&ice_ghost&dark,0.0,0.0,0.0,32.2,0.0,0.0,0.0,0.0,0.0,0.0,23.9,0.0,0.0,0.0,0.0,0.0,0.0,21.0,0.0,0.0,131.1,0.0,0.0,105.4,0.0,0.0,0.0,59.7,0.0,0.0,0.0,0.0
psychic&grass_ghost&dark,0.0,0.0,124.6,0.0,0.0,0.0,90.5,0.0,0.0,0.0,0.0,0.0,0.0,0.0,0.0,0.0,195.4,0.0,0.0,0.0,0.0,0.0,0.0,0.0,0.0,0.0,185.9,0.0,0.0,0.0,0.0,0.0
poison&flying_ghost&dark,0.0,0.0,0.0,0.0,0.0,0.0,0.0,0.0,0.0,0.0,0.0,151.6,0.0,0.0,0.0,0.0,0.0,93.8,0.0,0.0,0.0,0.0,0.0,0.0,0.0,0.0,229.5,218.6,0.0,0.0,0.0,0.0
ground&psychic_ghost&dark,0.0,0.0,0.0,0.0,0.0,0.0,0.0,0.0,0.0,0.0,0.0,0.0,0.0,0.0,0.0,0.0,0.0,110.8,0.0,0.0,0.0,0.0,0.0,0.0,0.0,0.0,0.0,0.0,0.0,0.0,0.0,0.0
dark_dark&ice,0.0,0.0,-10.8,-8.1,0.0,0.0,0.0,0.0,0.0,0.0,0.0,-2.8,0.0,0.0,0.0,0.0,-5.8,36.3,0.0,0.0,0.0,0.0,0.0,0.0,0.0,0.0,-0.2,0.0,0.0,0.0,0.0,0.0
dark_psychic,0.0,0.0,0.0,-41.3,0.0,0.0,0.0,0.0,0.0,0.0,0.0,0.0,0.0,0.0,0.0,0.0,0.0,-32.3,0.0,0.0,0.0,0.0,0.0,0.0,0.0,0.0,0.0,0.0,0.0,0.0,0.0,0.0
dark&ice_psychic,0.0,0.0,0.0,-34.4,0.0,0.0,0.0,0.0,0.0,0.0,-57.2,0.0,0.0,0.0,0.0,0.0,0.0,-18.9,0.0,0.0,-53.1,0.0,0.0,-19.6,0.0,0.0,0.0,-55.8,0.0,0.0,0.0,0.0
psychic&grass_psychic,0.0,0.0,-22.3,0.0,0.0,0.0,-17.3,0.0,0.0,0.0,0.0,0.0,0.0,0.0,0.0,0.0,-110.1,0.0,0.0,0.0,0.0,0.0,0.0,0.0,0.0,0.0,-115.5,0.0,0.0,0.0,0.0,0.0
steel&psychic_steel&psychic,0.0,8.9,91.9,158.2,217.1,118.7,65.8,0.0,0.0,0.0,4.9,0.0,0.0,0.0,0.0,0.0,95.2,111.8,0.0,0.0,0.0,410.6,0.0,0.0,0.0,0.0,302.9,0.0,0.0,0.0,0.0,0.0
ground&psychic_grass&fighting,0.0,0.0,0.0,0.0,0.0,0.0,0.0,0.0,0.0,0.0,0.0,0.0,0.0,0.0,0.0,0.0,0.0,63.3,0.0,0.0,0.0,0.0,-0.7,0.0,0.0,0.0,1.3,0.0,27.0,0.0,0.0,0.0
dark_ghost&dark,0.0,0.0,0.0,236.1,0.0,0.0,0.0,0.0,0.0,0.0,0.0,0.0,0.0,0.0,0.0,0.0,0.0,20.1,0.0,0.0,0.0,0.0,0.0,0.0,0.0,0.0,0.0,0.0,0.0,0.0,0.0,0.0
psychic&grass_water,0.0,0.0,233.6,0.0,0.0,0.0,379.4,0.0,0.0,0.0,0.0,0.0,0.0,0.0,0.0,0.0,278.2,17.5,0.0,0.0,0.0,0.0,0.0,0.0,0.0,0.0,477.7,0.0,0.0,0.0,0.0,0.0
psychic&grass_rock&flying,0.0,0.0,-41.7,-3.0,0.0,0.0,-45.4,0.0,0.0,0.0,0.0,-3.9,0.0,0.0,0.0,0.0,-48.7,33.9,0.0,0.0,0.0,-12.9,0.0,-3.5,0.0,0.0,-44.5,0.0,0.0,0.0,0.0,0.0
psychic&grass_water&poison,0.0,0.0,164.2,0.0,0.0,0.0,142.4,0.0,0.0,0.0,0.0,0.0,0.0,0.0,0.0,0.0,195.6,0.0,0.0,0.0,0.0,0.0,0.0,0.0,0.0,0.0,343.1,0.0,0.0,0.0,0.0,0.0
psychic&grass_psychic&fighting,0.0,0.0,-7.4,0.0,0.0,0.0,-11.7,0.0,0.0,0.0,0.0,0.0,0.0,0.0,0.0,0.0,-37.1,0.0,0.0,0.0,0.0,0.0,0.0,0.0,0.0,0.0,-28.8,0.0,0.0,0.0,0.0,0.0
ground&psychic_rock&dark,0.0,0.0,0.0,0.0,0.0,0.0,0.0,0.0,0.0,0.0,0.0,0.0,0.0,0.0,0.0,0.0,0.0,-14.1,0.0,0.0,0.0,0.0,-19.8,0.0,0.0,0.0,0.0,0.0,-1.2,0.0,0.0,0.0
poison&flying_rock&flying,0.0,0.0,0.0,0.0,0.0,0.0,0.0,0.0,0.0,0.0,0.0,36.9,0.0,0.0,0.0,0.0,0.0,126.4,0.0,0.0,0.0,0.0,0.0,0.0,0.0,0.0,229.2,65.7,0.0,0.0,0.0,0.0
dark_psychic&fighting,0.0,0.0,0.0,-195.4,0.0,0.0,0.0,0.0,0.0,0.0,0.0,0.0,0.0,0.0,0.0,0.0,0.0,0.0,0.0,0.0,0.0,0.0,0.0,0.0,0.0,0.0,0.0,0.0,0.0,0.0,0.0,0.0
poison&flying_water&poison,0.0,0.0,0.0,0.0,0.0,0.0,0.0,0.0,0.0,0.0,0.0,36.6,0.0,0.0,0.0,0.0,0.0,77.0,0.0,0.0,0.0,0.0,0.0,0.0,0.0,0.0,376.9,87.8,0.0,0.0,0.0,0.0
poison&flying_psychic&fighting,0.0,0.0,0.0,0.0,0.0,0.0,0.0,0.0,0.0,0.0,0.0,-30.4,0.0,0.0,0.0,0.0,0.0,-44.6,0.0,0.0,0.0,0.0,0.0,0.0,0.0,0.0,-69.1,-48.7,0.0,0.0,0.0,0.0
dark&ice_rock&flying,0.0,0.0,0.0,-20.0,0.0,0.0,0.0,0.0,0.0,0.0,-16.7,0.0,0.0,0.0,0.0,0.0,0.0,-31.4,0.0,0.0,-20.4,0.0,0.0,34.7,0.0,0.0,0.0,-35.6,0.0,0.0,0.0,0.0
poison&flying_ground&psychic,0.0,0.0,0.0,0.0,0.0,0.0,0.0,0.0,0.0,0.0,0.0,-41.9,0.0,0.0,0.0,0.0,0.0,0.0,0.0,0.0,0.0,0.0,0.0,0.0,0.0,0.0,132.4,12.9,0.0,0.0,0.0,0.0
fire&flying_fire&flying,0.0,0.0,0.0,4.1,0.0,0.0,0.0,33.1,0.0,0.0,0.0,-17.4,0.0,0.0,0.0,0.0,0.0,47.4,76.4,0.0,0.0,0.0,0.0,0.0,0.0,0.0,0.0,0.0,0.0,0.0,0.0,0.0
fire&flying_ice&ground,0.0,0.0,0.0,-14.0,0.0,0.0,0.0,52.2,0.0,0.0,0.0,12.1,0.0,0.0,0.0,0.0,0.0,11.9,-21.5,0.0,0.0,0.0,0.0,0.0,0.0,0.0,0.0,0.0,0.0,0.0,0.0,0.0
fire&flying_water&dragon,0.0,0.0,0.0,-62.9,0.0,0.0,0.0,-147.6,0.0,0.0,0.0,-113.2,0.0,0.0,0.0,0.0,0.0,0.0,-85.0,0.0,0.0,0.0,0.0,0.0,0.0,0.0,0.0,0.0,0.0,0.0,0.0,0.0
fire&flying_normal,0.0,0.0,0.0,143.9,0.0,0.0,0.0,166.9,0.0,0.0,0.0,156.8,0.0,0.0,0.0,0.0,0.0,133.0,165.0,0.0,0.0,0.0,0.0,0.0,0.0,0.0,0.0,0.0,0.0,0.0,0.0,0.0
fire&flying_grass,0.0,0.0,0.0,8.9,0.0,0.0,0.0,283.5,0.0,0.0,0.0,33.6,0.0,0.0,0.0,0.0,0.0,0.0,26.6,0.0,0.0,0.0,0.0,0.0,0.0,0.0,0.0,0.0,0.0,0.0,0.0,0.0
fire&flying_steel,0.0,0.0,0.0,-4.7,0.0,0.0,0.0,118.5,0.0,0.0,0.0,0.0,0.0,0.0,0.0,0.0,0.0,0.0,-4.7,0.0,0.0,0.0,0.0,0.0,0.0,0.0,0.0,0.0,0.0,0.0,0.0,0.0
fire&flying_psychic&grass,0.0,0.0,0.0,-43.0,0.0,0.0,0.0,78.4,0.0,0.0,-0.8,-26.7,0.0,0.0,0.0,0.0,0.0,0.0,-35.1,0.0,-7.9,0.0,0.0,0.0,-29.4,0.0,0.0,0.0,0.0,0.0,0.0,0.0
fire&flying_poison&flying,0.0,0.0,0.0,-87.6,0.0,0.0,0.0,-53.3,0.0,0.0,0.0,-98.4,0.0,0.0,0.0,0.0,0.0,-24.3,-70.0,0.0,0.0,0.0,0.0,0.0,0.0,0.0,0.0,0.0,0.0,0.0,0.0,0.0
fire&flying_dark&ice,0.0,0.0,0.0,-12.2,0.0,0.0,0.0,77.5,0.0,0.0,0.0,20.3,0.0,0.0,0.0,0.0,0.0,-11.6,-35.0,0.0,0.0,0.0,0.0,0.0,0.0,0.0,0.0,0.0,0.0,0.0,0.0,0.0
fire&flying_dark,0.0,0.0,0.0,129.6,0.0,0.0,0.0,200.2,0.0,0.0,0.0,105.7,0.0,0.0,0.0,0.0,0.0,125.7,117.0,0.0,0.0,0.0,0.0,0.0,0.0,0.0,0.0,0.0,0.0,0.0,0.0,0.0
fire&flying_ground&psychic,0.0,0.0,0.0,30.7,0.0,0.0,0.0,225.2,0.0,0.0,0.0,-11.9,0.0,0.0,0.0,0.0,0.0,8.9,1.2,0.0,0.0,0.0,0.0,0.0,0.0,0.0,0.0,0.0,0.0,0.0,0.0,0.0
ground&psychic_normal,0.0,0.0,0.0,0.0,0.0,0.0,0.0,0.0,0.0,0.0,0.0,0.0,0.0,0.0,0.0,0.0,0.0,114.8,0.0,0.0,0.0,0.0,43.8,0.0,0.0,0.0,0.0,0.0,83.1,0.0,0.0,0.0
psychic&grass_ice&ground,0.0,0.0,193.2,0.0,0.0,0.0,5.4,0.0,0.0,0.0,0.0,0.0,0.0,0.0,0.0,0.0,26.6,0.0,0.0,0.0,0.0,0.0,0.0,0.0,0.0,0.0,31.1,0.0,0.0,0.0,0.0,0.0
dark_grass,0.0,0.0,0.0,145.5,0.0,0.0,0.0,0.0,0.0,0.0,0.0,0.0,0.0,0.0,0.0,0.0,0.0,0.0,0.0,0.0,0.0,0.0,0.0,0.0,0.0,0.0,119.7,0.0,0.0,0.0,0.0,0.0
ground&psychic_grass,0.0,0.0,0.0,0.0,0.0,0.0,0.0,0.0,0.0,0.0,0.0,0.0,0.0,0.0,0.0,0.0,0.0,86.2,0.0,0.0,0.0,0.0,7.0,0.0,0.0,0.0,0.0,0.0,16.6,0.0,0.0,0.0
dark&ice_grass,0.0,0.0,0.0,-14.3,0.0,0.0,0.0,0.0,0.0,0.0,-6.8,0.0,0.0,0.0,0.0,0.0,0.0,-3.4,0.0,0.0,-12.3,0.0,0.0,-54.7,0.0,0.0,0.0,-23.8,0.0,0.0,0.0,0.0
poison&flying_grass,0.0,0.0,0.0,124.3,0.0,0.0,0.0,0.0,0.0,0.0,0.0,58.1,0.0,0.0,0.0,0.0,0.0,134.8,0.0,0.0,0.0,0.0,0.0,0.0,0.0,0.0,260.4,90.9,0.0,0.0,0.0,0.0
ghost&dark_poison&flying,0.0,0.0,0.0,-127.4,0.0,0.0,0.0,0.0,0.0,0.0,-9.2,0.0,0.0,0.0,0.0,0.0,-53.3,-23.3,0.0,-11.9,-28.8,0.0,0.0,0.0,0.0,0.0,-33.7,0.0,0.0,0.0,-29.2,-52.1
ghost&dark_dark&ice,0.0,0.0,0.0,-41.8,0.0,0.0,0.0,0.0,0.0,0.0,0.0,0.0,0.0,0.0,0.0,0.0,-35.4,-19.9,0.0,0.0,0.0,0.0,0.0,0.0,0.0,0.0,0.0,0.0,0.0,0.0,-25.4,-19.4
ghost&dark_dark,0.0,0.0,0.0,16.4,0.0,0.0,0.0,0.0,0.0,0.0,27.6,0.0,0.0,0.0,0.0,0.0,-37.3,13.3,0.0,0.0,0.0,0.0,0.0,21.6,0.0,0.0,-2.0,0.0,0.0,0.0,-27.2,-65.4
psychic_dark,0.0,0.0,0.0,0.0,0.0,0.0,0.0,0.0,0.0,0.0,0.0,0.0,0.0,0.0,0.0,0.0,0.0,0.0,0.0,0.0,0.0,0.0,42.8,0.0,0.0,0.0,121.3,-4.4,0.0,0.0,0.0,0.0
normal_poison&flying,0.0,0.0,0.0,-150.3,0.0,0.0,0.0,-54.5,0.0,0.0,-90.6,0.0,0.0,0.0,0.0,0.0,0.0,40.4,-67.5,-7.3,34.5,0.0,0.0,8.2,0.0,-1.4,-20.9,0.0,0.0,0.0,0.0,0.0
water_fire&flying,62.0,-14.4,-12.8,9.4,0.0,0.0,0.0,0.0,0.0,0.0,0.0,0.0,0.0,77.8,0.0,0.0,0.0,13.7,0.0,0.0,0.0,0.0,0.0,0.0,0.0,0.0,0.0,0.0,0.0,0.0,0.0,0.0
water_normal,32.7,-9.6,8.6,46.9,0.0,0.0,0.0,0.0,0.0,0.0,0.0,0.0,0.0,41.0,0.0,0.0,0.0,30.2,0.0,0.0,0.0,0.0,0.0,0.0,0.0,0.0,0.0,0.0,0.0,0.0,0.0,0.0
water&poison_normal,47.8,0.0,0.0,34.9,0.0,0.0,0.0,0.0,0.0,0.0,0.0,0.0,0.0,49.3,50.5,0.0,0.0,0.0,0.0,0.0,0.0,0.0,0.0,0.0,0.0,0.0,0.0,0.0,0.0,0.0,0.0,0.0
water&poison_water&dragon,-110.6,0.0,0.0,-94.2,0.0,0.0,0.0,0.0,0.0,0.0,0.0,0.0,0.0,-53.0,-96.2,0.0,0.0,0.0,0.0,0.0,0.0,0.0,0.0,0.0,0.0,0.0,0.0,0.0,0.0,0.0,0.0,0.0
rock&dark_steel,0.0,0.0,0.0,0.0,0.0,0.0,0.0,-12.5,-11.0,3.1,-8.4,0.0,0.0,0.0,0.0,0.0,0.0,0.0,0.0,0.0,0.0,0.0,0.0,0.0,0.0,0.0,0.0,0.0,0.0,0.0,0.0,0.0
rock&flying_ice&ground,0.0,0.0,0.0,153.1,0.0,0.0,0.0,0.0,0.0,0.0,0.0,176.5,902.1,0.0,0.0,0.0,0.0,0.0,0.0,0.0,0.0,0.0,0.0,0.0,0.0,0.0,0.0,0.0,0.0,0.0,0.0,0.0
rock&flying_grass,0.0,0.0,0.0,242.2,0.0,0.0,0.0,0.0,0.0,0.0,0.0,361.8,517.2,0.0,0.0,0.0,0.0,0.0,0.0,0.0,0.0,0.0,0.0,0.0,0.0,0.0,0.0,0.0,0.0,0.0,0.0,0.0
rock&flying_poison&flying,-14.3,0.0,0.0,-41.0,-8.8,0.0,0.0,24.9,0.0,-6.6,-12.5,-53.7,-44.1,-13.2,-8.2,-2.7,0.0,2.4,0.0,0.0,0.0,0.0,0.0,0.0,0.0,0.0,0.0,0.0,0.0,0.0,0.0,0.0
rock&flying_dark,0.0,0.0,0.0,191.0,0.0,0.0,0.0,0.0,0.0,0.0,0.0,92.5,414.8,0.0,0.0,0.0,0.0,125.7,0.0,0.0,0.0,0.0,0.0,0.0,0.0,0.0,0.0,0.0,0.0,0.0,0.0,0.0
rock&flying_ground&psychic,0.0,0.0,0.0,19.4,0.0,0.0,0.0,0.0,0.0,0.0,0.0,19.0,103.3,0.0,0.0,0.0,0.0,0.0,0.0,0.0,0.0,0.0,0.0,0.0,0.0,0.0,0.0,0.0,0.0,0.0,0.0,0.0
rock&flying_psychic&grass,0.0,0.0,0.0,68.2,0.0,0.0,0.0,0.0,0.0,0.0,0.0,85.5,123.8,0.0,0.0,0.0,0.0,71.6,0.0,0.0,0.0,0.0,0.0,0.0,0.0,0.0,0.0,0.0,0.0,0.0,0.0,0.0
psychic&fighting_psychic&grass,0.0,0.0,0.0,0.0,0.0,0.0,0.0,0.0,0.0,0.0,-3.7,0.0,43.1,0.0,0.0,8.0,-7.7,4.2,0.0,0.0,0.0,0.0,0.0,0.0,0.0,0.0,0.0,0.0,0.0,0.0,0.0,0.0
psychic&fighting_poison&flying,0.0,0.0,0.0,0.0,0.0,0.0,0.0,0.0,0.0,0.0,8.1,0.0,116.3,0.0,0.0,221.7,22.7,0.0,0.0,0.0,0.0,0.0,0.0,0.0,0.0,0.0,0.0,0.0,0.0,0.0,0.0,0.0
psychic&fighting_dark,0.0,0.0,0.0,0.0,0.0,0.0,0.0,0.0,0.0,0.0,99.3,0.0,240.1,0.0,0.0,89.8,0.0,53.3,0.0,0.0,0.0,0.0,0.0,0.0,0.0,0.0,0.0,0.0,0.0,0.0,0.0,0.0
water&poison_psychic&grass,-38.5,0.0,0.0,-76.9,0.0,0.0,0.0,0.0,0.0,0.0,0.0,-7.6,0.0,-45.5,-75.3,0.0,0.0,-7.6,0.0,0.0,0.0,0.0,0.0,0.0,0.0,0.0,0.0,0.0,0.0,0.0,0.0,0.0
water&poison_poison&flying,-93.5,0.0,0.0,-105.5,-8.6,0.0,0.0,-9.6,0.0,0.0,-11.0,-7.0,-8.6,-95.8,-102.7,0.0,0.0,0.0,0.0,0.0,0.0,0.0,0.0,0.0,0.0,0.0,0.0,0.0,0.0,0.0,0.0,0.0
water&dragon_water,215.4,0.0,0.0,0.0,0.0,0.0,0.0,0.0,0.0,0.0,0.0,0.0,0.0,0.0,0.0,0.0,0.0,0.0,0.0,0.0,0.0,0.0,0.0,0.0,429.6,0.0,0.0,0.0,0.0,0.0,0.0,0.0
water&dragon_normal&flying,64.8,0.0,0.0,0.0,0.0,0.0,0.0,0.0,0.0,0.0,0.0,0.0,0.0,0.0,0.0,0.0,0.0,0.0,0.0,0.0,0.0,0.0,0.0,0.0,90.9,0.0,0.0,0.0,0.0,0.0,0.0,0.0
water&dragon_fighting,148.3,0.0,0.0,0.0,0.0,0.0,0.0,0.0,0.0,0.0,0.0,0.0,0.0,0.0,0.0,0.0,0.0,11.3,0.0,0.0,0.0,0.0,0.0,0.0,131.5,0.0,0.0,0.0,0.0,0.0,0.0,0.0
ice&ground_fighting,0.0,0.0,0.0,0.0,0.0,0.0,0.0,0.0,0.0,0.0,0.0,0.0,0.0,0.0,0.0,0.0,0.0,-78.1,0.0,0.0,0.0,-123.1,-14.0,-46.0,0.0,0.0,0.0,0.0,0.0,0.0,0.0,0.0
normal_fighting,0.0,0.0,0.0,-200.5,0.0,0.0,0.0,-95.3,0.0,0.0,-107.7,0.0,0.0,0.0,0.0,0.0,0.0,0.0,10.2,-90.5,0.0,0.0,0.0,-1.2,0.0,122.7,0.0,0.0,0.0,0.0,0.0,0.0
steel_fighting,0.0,0.0,0.0,0.0,0.0,0.0,0.0,0.0,0.0,0.0,-7.5,0.0,0.0,0.0,0.0,0.0,0.0,-17.8,-42.2,-22.3,-13.1,0.0,-56.6,-62.4,0.0,0.0,0.0,0.0,0.0,0.0,0.0,0.0
grass_fighting,0.0,0.0,0.0,2.2,0.0,0.0,121.5,0.0,0.0,0.0,-6.2,0.0,0.0,0.0,0.0,0.0,0.0,3.2,0.0,175.7,147.0,72.0,0.0,0.0,0.0,0.0,0.0,0.0,0.0,0.0,0.0,0.0
grass_steel&psychic,0.0,0.0,0.0,0.0,0.0,0.0,98.6,0.0,0.0,0.0,0.0,0.0,0.0,0.0,0.0,0.0,0.0,-17.7,0.0,119.8,92.3,85.9,0.0,0.0,0.0,0.0,0.0,0.0,0.0,0.0,0.0,0.0
fire&flying_bug&fighting,0.0,0.0,0.0,1.3,0.0,0.0,0.0,70.5,0.0,0.0,0.0,1.6,0.0,0.0,0.0,0.0,0.0,0.0,-3.6,0.0,0.0,0.0,0.0,0.0,0.0,0.0,0.0,0.0,0.0,0.0,0.0,0.0
fire&flying_fighting,0.0,0.0,0.0,61.0,0.0,0.0,0.0,225.5,0.0,0.0,0.0,55.0,0.0,0.0,0.0,0.0,0.0,0.0,132.1,0.0,0.0,0.0,0.0,0.0,0.0,0.0,0.0,0.0,0.0,0.0,0.0,0.0
fire&flying_normal&flying,0.0,0.0,0.0,-25.0,0.0,0.0,0.0,-4.3,0.0,0.0,0.0,-13.7,0.0,0.0,0.0,0.0,0.0,0.0,4.7,0.0,0.0,0.0,0.0,0.0,0.0,0.0,0.0,0.0,0.0,0.0,0.0,0.0
steel_water&poison,0.0,0.0,0.0,0.0,0.0,0.0,0.0,2.8,0.0,0.0,0.0,0.0,0.0,0.0,0.0,0.0,0.0,-6.9,33.8,0.0,0.0,0.0,28.8,190.4,0.0,0.0,0.0,0.0,0.0,0.0,0.0,0.0
steel_normal&flying,-14.1,0.0,0.0,0.0,0.0,0.0,0.0,0.0,0.0,0.0,0.0,0.0,0.0,0.0,0.0,0.0,0.0,117.5,86.6,1.2,0.0,0.0,40.5,-12.9,-1.6,0.0,0.0,0.0,0.0,0.0,0.0,0.0
ice&ground_water&poison,0.0,0.0,0.0,0.0,0.0,0.0,0.0,0.0,0.0,0.0,0.0,0.0,0.0,0.0,0.0,0.0,0.0,-133.2,0.0,-17.3,0.0,-9.2,-113.4,-69.4,0.0,0.0,0.0,0.0,0.0,0.0,0.0,0.0
psychic_bug&fighting,0.0,0.0,0.0,0.0,0.0,0.0,0.0,0.0,0.0,0.0,0.0,0.0,0.0,0.0,0.0,0.0,0.0,115.4,0.0,0.0,0.0,0.0,-4.0,0.0,0.0,0.0,521.3,23.2,0.0,0.0,0.0,0.0
psychic_normal&flying,0.0,0.0,0.0,0.0,0.0,0.0,0.0,0.0,0.0,0.0,0.0,0.0,0.0,0.0,0.0,0.0,0.0,477.0,0.0,0.0,0.0,0.0,-32.4,0.0,0.0,0.0,14.9,0.0,0.0,0.0,0.0,0.0
grass&fighting_rock&flying,0.0,0.0,0.0,-16.0,0.0,0.0,0.0,0.0,0.0,0.0,297.2,0.0,0.0,0.0,0.0,0.0,0.0,0.0,0.0,115.6,0.0,0.0,0.0,0.0,0.0,0.0,0.0,0.0,0.0,0.0,0.0,0.0
grass&fighting_psychic&fighting,0.0,0.0,0.0,2.7,0.0,0.0,0.0,0.0,0.0,0.0,212.6,0.0,0.0,0.0,0.0,0.0,0.0,0.0,0.0,57.9,0.0,0.0,0.0,0.0,0.0,0.0,0.0,0.0,0.0,0.0,0.0,0.0
normal_psychic&fighting,0.0,0.0,0.0,-413.1,0.0,0.0,0.0,-171.3,0.0,0.0,-394.6,0.0,0.0,0.0,0.0,0.0,0.0,0.0,-276.1,-297.1,0.0,0.0,0.0,0.0,0.0,-355.3,0.0,0.0,0.0,0.0,0.0,0.0
psychic_rock&flying,0.0,0.0,0.0,0.0,0.0,0.0,0.0,0.0,0.0,0.0,0.0,0.0,0.0,0.0,0.0,0.0,0.0,-60.0,0.0,0.0,0.0,0.0,-84.0,-35.8,0.0,0.0,-68.0,-79.8,0.0,0.0,-28.8,0.0
ghost&dark_water&poison,0.0,0.0,0.0,-45.4,0.0,0.0,0.0,0.0,0.0,0.0,0.0,0.0,0.0,0.0,0.0,0.0,75.7,0.0,0.0,0.0,0.0,0.0,0.0,0.0,0.0,0.0,0.0,0.0,0.0,0.0,-27.7,-30.9
grass&fighting_grass&fighting,0.0,0.0,0.0,69.3,0.0,0.0,0.0,42.1,0.0,0.0,304.2,0.0,0.0,0.0,0.0,0.0,0.0,5.9,0.0,171.3,0.0,0.0,0.0,0.0,-7.2,0.0,0.0,0.0,0.0,0.0,0.0,0.0
ghost&dark_grass&fighting,0.0,0.0,0.0,0.0,0.0,0.0,0.0,0.0,0.0,0.0,0.0,0.0,0.0,0.0,0.0,0.0,29.6,0.0,0.0,0.0,0.0,0.0,0.0,0.0,0.0,0.0,0.0,0.0,0.0,0.0,115.5,15.3
psychic_dark&ice,0.0,0.0,0.0,0.0,0.0,0.0,0.0,0.0,0.0,0.0,0.0,0.0,0.0,0.0,0.0,0.0,0.0,-86.2,0.0,0.0,0.0,0.0,-111.2,0.0,0.0,0.0,-93.4,-72.7,0.0,0.0,0.0,0.0
normal_normal,0.0,0.0,0.0,61.2,0.0,0.0,0.0,57.9,0.0,0.0,581.8,0.0,0.0,0.0,0.0,0.0,0.0,153.4,73.3,428.3,0.0,0.0,0.0,0.0,0.0,154.5,0.0,0.0,0.0,0.0,0.0,0.0
normal_ghost&dark,0.0,0.0,0.0,1060.0,0.0,0.0,0.0,1226.3,0.0,0.0,1171.1,0.0,0.0,0.0,0.0,0.0,0.0,962.1,1342.6,1178.3,0.0,0.0,0.0,0.0,0.0,1098.3,0.0,0.0,0.0,0.0,0.0,0.0
normal_psychic,0.0,0.0,0.0,-82.5,0.0,0.0,0.0,-148.7,0.0,0.0,17.6,0.0,0.0,0.0,0.0,0.0,0.0,0.0,-320.0,0.0,0.0,0.0,0.0,0.0,0.0,-93.4,0.0,0.0,0.0,0.0,0.0,0.0
psychic_steel&psychic,0.0,0.0,0.0,0.0,0.0,0.0,0.0,0.0,0.0,0.0,0.0,0.0,0.0,0.0,0.0,0.0,0.0,547.1,0.0,0.0,0.0,0.0,-9.2,0.0,0.0,0.0,64.2,-34.2,0.0,0.0,0.0,0.0
grass&fighting_normal,0.0,0.0,0.0,115.4,0.0,0.0,0.0,0.0,0.0,0.0,177.1,0.0,0.0,0.0,0.0,0.0,0.0,0.0,0.0,333.4,0.0,0.0,0.0,0.0,0.0,0.0,0.0,0.0,0.0,0.0,0.0,0.0
grass&fighting_psychic,0.0,0.0,0.0,-42.1,0.0,0.0,0.0,0.0,0.0,0.0,172.0,0.0,0.0,0.0,0.0,0.0,0.0,0.0,0.0,-31.6,0.0,0.0,0.0,0.0,0.0,0.0,0.0,0.0,0.0,0.0,0.0,0.0
grass&fighting_ghost&dark,0.0,0.0,0.0,162.4,0.0,0.0,0.0,0.0,0.0,0.0,206.3,0.0,0.0,0.0,0.0,0.0,0.0,239.3,0.0,219.6,0.0,0.0,0.0,0.0,0.0,0.0,0.0,0.0,0.0,0.0,0.0,0.0
ghost&dark_ghost&dark,0.0,0.0,0.0,9.4,0.0,0.0,0.0,0.0,0.0,0.0,0.0,0.0,0.0,0.0,0.0,0.0,20.3,6.4,0.0,0.0,0.0,0.0,0.0,0.0,0.0,0.0,0.0,0.0,0.0,0.0,71.5,74.6
rock&flying_normal&flying,0.0,0.0,0.0,105.3,0.0,0.0,0.0,0.0,0.0,0.0,0.0,145.2,369.0,0.0,0.0,0.0,0.0,0.0,0.0,0.0,0.0,0.0,0.0,0.0,0.0,0.0,0.0,0.0,0.0,0.0,0.0,0.0
rock&flying_fighting,0.0,0.0,0.0,59.9,0.0,0.0,0.0,0.0,0.0,0.0,0.0,55.7,217.0,0.0,0.0,0.0,0.0,0.0,0.0,0.0,0.0,0.0,0.0,0.0,0.0,0.0,0.0,0.0,0.0,0.0,0.0,0.0
rock&dark_normal&flying,-7.4,0.0,-7.1,-7.7,0.0,-5.1,0.0,9.3,14.6,4.1,7.2,0.0,0.0,-32.9,0.0,-42.0,0.0,0.0,0.0,0.0,0.0,0.0,0.0,0.0,0.0,0.0,0.0,0.0,0.0,0.0,0.0,0.0
rock&dark_bug&fighting,0.0,0.0,0.0,0.0,0.0,0.0,0.0,-110.2,-108.7,-154.7,-113.4,0.0,0.0,0.0,0.0,0.0,0.0,0.0,0.0,0.0,0.0,0.0,0.0,0.0,0.0,0.0,0.0,0.0,0.0,0.0,0.0,0.0
psychic&fighting_bug&fighting,0.0,0.0,0.0,0.0,0.0,0.0,0.0,0.0,0.0,0.0,23.9,0.0,29.4,0.0,0.0,360.3,14.1,0.0,0.0,0.0,0.0,0.0,0.0,0.0,0.0,0.0,0.0,0.0,0.0,0.0,0.0,0.0
psychic&fighting_water&poison,0.0,0.0,0.0,0.0,0.0,0.0,0.0,0.0,0.0,0.0,95.8,0.0,23.7,0.0,0.0,447.8,29.3,52.0,0.0,0.0,0.0,0.0,0.0,0.0,0.0,0.0,0.0,0.0,0.0,0.0,0.0,0.0
water&poison_dark,14.4,0.0,0.0,43.3,0.0,0.0,0.0,0.0,0.0,0.0,0.0,0.0,0.0,44.5,30.6,0.0,0.0,0.0,0.0,0.0,0.0,0.0,0.0,0.0,0.0,0.0,0.0,0.0,0.0,0.0,0.0,0.0
water_psychic&fighting,-35.9,-27.4,-51.8,-12.5,0.0,0.0,0.0,0.0,0.0,0.0,0.0,0.0,0.0,-23.8,0.0,0.0,0.0,-27.5,0.0,0.0,0.0,0.0,0.0,0.0,0.0,0.0,0.0,0.0,0.0,0.0,0.0,0.0
steel&psychic_psychic&fighting,0.0,0.0,-95.3,-141.8,-86.6,-126.3,-101.7,0.0,0.0,0.0,0.0,0.0,0.0,0.0,0.0,0.0,-184.0,-58.0,0.0,0.0,0.0,-81.7,0.0,0.0,0.0,0.0,-146.7,0.0,0.0,0.0,0.0,0.0
steel&psychic_rock&dark,0.0,0.0,-9.6,0.0,211.8,-4.2,-6.3,0.0,0.0,0.0,0.0,0.0,0.0,0.0,0.0,0.0,58.8,49.1,0.0,0.0,0.0,409.0,0.0,0.0,0.0,0.0,385.8,0.0,0.0,0.0,0.0,0.0
rock&flying_rock&dark,0.0,0.0,0.0,19.9,0.0,0.0,0.0,0.0,0.0,0.0,0.0,50.1,245.1,0.0,0.0,0.0,0.0,0.0,0.0,0.0,0.0,0.0,0.0,0.0,0.0,0.0,0.0,0.0,0.0,0.0,0.0,0.0
water_ice&ground,69.6,-51.6,-36.9,-8.5,0.0,0.0,0.0,0.0,0.0,0.0,0.0,0.0,0.0,122.9,0.0,0.0,0.0,-3.4,0.0,0.0,0.0,0.0,0.0,0.0,0.0,0.0,0.0,0.0,0.0,0.0,0.0,0.0
water_grass,48.7,-7.7,-8.0,30.7,0.0,0.0,0.0,0.0,0.0,0.0,0.0,0.0,0.0,77.0,0.0,0.0,0.0,34.2,0.0,0.0,0.0,0.0,0.0,0.0,0.0,0.0,0.0,0.0,0.0,0.0,0.0,0.0
steel&psychic_water&dragon,0.0,0.0,-110.0,-90.4,-39.2,-65.6,-51.7,0.0,0.0,0.0,0.0,0.0,0.0,0.0,0.0,0.0,-71.8,24.5,0.0,0.0,0.0,-110.7,0.0,0.0,0.0,0.0,-32.9,0.0,0.0,0.0,0.0,0.0
steel&psychic_steel,0.0,0.0,21.1,0.0,65.8,11.6,0.0,0.0,0.0,0.0,0.0,0.0,0.0,0.0,0.0,0.0,1.0,0.0,0.0,0.0,0.0,77.2,0.0,0.0,0.0,0.0,38.5,0.0,0.0,0.0,0.0,0.0
rock&flying_water&dragon,0.0,0.0,0.0,-26.0,0.0,0.0,0.0,0.0,0.0,0.0,0.0,-63.2,230.8,0.0,0.0,0.0,0.0,0.0,0.0,0.0,0.0,0.0,0.0,0.0,0.0,0.0,0.0,0.0,0.0,0.0,0.0,0.0
psychic&fighting_grass,0.0,0.0,0.0,0.0,0.0,0.0,0.0,0.0,0.0,0.0,14.9,0.0,4.6,0.0,0.0,3.8,6.1,-1.1,0.0,0.0,0.0,0.0,0.0,0.0,0.0,0.0,0.0,0.0,0.0,0.0,0.0,0.0
normal_dark&ice,0.0,0.0,0.0,65.9,0.0,0.0,0.0,92.6,0.0,0.0,28.1,0.0,0.0,0.0,0.0,0.0,0.0,0.0,-21.3,12.1,0.0,0.0,0.0,0.0,0.0,104.7,34.5,0.0,0.0,0.0,0.0,0.0
normal_dark,94.6,0.0,0.0,216.8,0.0,0.0,0.0,154.0,0.0,0.0,371.4,80.1,0.0,0.0,0.0,0.0,0.0,94.3,160.6,168.5,82.0,0.0,0.0,0.0,89.8,102.7,6.2,0.0,0.0,0.0,0.0,0.0
psychic_poison&flying,0.0,0.0,0.0,-12.0,0.0,0.0,0.0,0.0,0.0,0.0,0.0,0.0,0.0,0.0,0.0,0.0,0.0,-23.4,0.0,-17.6,0.0,0.0,-65.9,0.0,0.0,0.0,-58.2,-53.2,0.0,0.0,0.0,0.0
ghost&dark_ground&psychic,0.0,0.0,0.0,-0.0,0.0,0.0,0.0,0.0,0.0,0.0,0.0,0.0,0.0,0.0,0.0,0.0,-9.2,0.0,0.0,0.0,0.0,0.0,0.0,0.0,0.0,0.0,0.0,0.0,0.0,0.0,-1.9,-19.2
dark_water,0.0,0.0,0.0,90.1,0.0,0.0,0.0,0.0,0.0,0.0,0.0,0.0,0.0,0.0,0.0,0.0,0.0,10.3,0.0,0.0,0.0,0.0,0.0,0.0,0.0,0.0,-3.5,0.0,0.0,0.0,0.0,0.0
dark&ice_water,0.0,0.0,0.0,-42.3,0.0,0.0,0.0,0.0,0.0,0.0,-67.5,0.0,0.0,0.0,0.0,0.0,0.0,10.6,0.0,0.0,-11.1,0.0,0.0,-27.3,0.0,0.0,0.0,-65.3,0.0,0.0,0.0,0.0
dark_fighting,0.0,0.0,0.0,52.4,0.0,0.0,0.0,0.0,0.0,0.0,0.0,0.0,0.0,0.0,0.0,0.0,0.0,16.8,0.0,0.0,0.0,0.0,0.0,0.0,0.0,0.0,8.8,0.0,0.0,0.0,0.0,0.0
psychic&grass_fighting,0.0,0.0,113.7,76.7,0.0,0.0,26.8,0.0,0.0,0.0,0.0,0.0,0.0,0.0,0.0,0.0,121.0,0.0,0.0,0.0,0.0,0.0,0.0,0.0,0.0,0.0,186.8,0.0,0.0,0.0,0.0,0.0
ground&psychic_fighting,0.0,0.0,0.0,0.0,0.0,0.0,0.0,0.0,0.0,0.0,0.0,0.0,0.0,0.0,0.0,0.0,0.0,274.6,0.0,0.0,0.0,0.0,15.8,0.0,0.0,0.0,25.7,0.0,24.8,0.0,0.0,0.0
poison&flying_fighting,0.0,0.0,0.0,57.3,0.0,0.0,0.0,0.0,0.0,0.0,0.0,91.6,0.0,0.0,0.0,0.0,0.0,80.6,0.0,0.0,0.0,0.0,0.0,0.0,0.0,0.0,202.3,35.3,0.0,0.0,0.0,0.0
water&poison_ground&psychic,15.5,0.0,0.0,4.6,0.0,0.0,0.0,0.0,0.0,0.0,0.0,0.0,0.0,-20.5,-17.9,0.0,0.0,0.0,0.0,0.0,0.0,0.0,0.0,0.0,0.0,0.0,0.0,0.0,0.0,0.0,0.0,0.0
psychic&fighting_dark&ice,0.0,0.0,0.0,0.0,0.0,0.0,0.0,0.0,0.0,0.0,311.8,0.0,131.5,0.0,0.0,12.6,-15.4,46.5,0.0,0.0,0.0,0.0,0.0,0.0,0.0,0.0,0.0,0.0,0.0,0.0,0.0,0.0
rock&dark_dark&ice,0.0,0.0,0.0,0.0,0.0,0.0,0.0,-66.1,-109.4,-106.9,-39.3,0.0,-19.4,0.0,0.0,0.0,0.0,0.0,0.0,0.0,0.0,0.0,0.0,0.0,0.0,0.0,0.0,0.0,0.0,0.0,0.0,0.0
steel&psychic_dark&ice,0.0,0.0,-52.7,-33.6,-41.3,-53.4,-74.7,0.0,0.0,0.0,8.2,-9.8,4.8,-8.2,0.0,0.0,-82.7,-39.4,0.0,0.0,-3.5,-104.4,0.0,0.0,0.0,0.0,-36.6,0.0,0.0,0.0,0.0,-14.5
water_psychic,-181.8,-141.4,-187.0,-143.0,0.0,0.0,0.0,0.0,0.0,0.0,0.0,0.0,0.0,22.7,0.0,0.0,0.0,-25.1,0.0,0.0,0.0,0.0,0.0,0.0,0.0,0.0,0.0,0.0,0.0,0.0,0.0,0.0
water_ghost&dark,67.3,99.7,136.8,53.1,0.0,0.0,0.0,0.0,0.0,0.0,0.0,0.0,0.0,129.7,0.0,0.0,0.0,13.2,0.0,0.0,0.0,0.0,0.0,0.0,0.0,0.0,0.0,0.0,0.0,0.0,0.0,0.0
rock&dark_grass&fighting,0.0,0.0,0.0,0.0,0.0,0.0,0.0,188.5,63.2,6.6,-14.3,0.0,0.0,0.0,0.0,0.0,0.0,0.0,0.0,0.0,0.0,0.0,0.0,0.0,0.0,0.0,0.0,0.0,0.0,0.0,0.0,0.0
rock&dark_ghost&dark,0.0,0.0,0.0,0.0,0.0,0.0,0.0,77.1,76.4,212.3,20.7,0.0,0.0,0.0,0.0,0.0,0.0,0.0,0.0,0.0,0.0,0.0,0.0,0.0,0.0,0.0,0.0,0.0,0.0,0.0,0.0,0.0
psychic&fighting_ghost&dark,0.0,0.0,0.0,0.0,0.0,0.0,0.0,0.0,0.0,0.0,-57.0,0.0,-2.7,0.0,0.0,-31.2,-29.0,1.7,0.0,0.0,0.0,0.0,0.0,0.0,0.0,0.0,0.0,0.0,0.0,0.0,0.0,0.0
water&poison_ghost&dark,8.5,0.0,0.0,6.4,0.0,0.0,0.0,0.0,0.0,0.0,0.0,0.0,0.0,62.4,8.4,0.0,0.0,0.0,0.0,0.0,0.0,0.0,0.0,0.0,0.0,0.0,0.0,0.0,0.0,0.0,0.0,0.0
poison&flying_psychic,0.0,0.0,0.0,0.0,0.0,0.0,0.0,0.0,0.0,0.0,0.0,19.3,0.0,0.0,0.0,0.0,0.0,-63.5,0.0,0.0,0.0,0.0,0.0,0.0,0.0,0.0,77.8,14.3,0.0,0.0,0.0,0.0
water_steel,-72.6,-4.7,17.5,-2.9,0.0,0.0,0.0,0.0,0.0,0.0,0.0,0.0,0.0,14.1,0.0,0.0,0.0,5.3,0.0,0.0,0.0,0.0,0.0,0.0,0.0,0.0,0.0,0.0,0.0,0.0,0.0,0.0
normal&flying_water&dragon,0.0,0.0,0.0,15.1,0.0,0.0,0.0,0.0,0.0,0.0,0.0,0.0,0.0,0.0,0.0,0.0,0.0,0.0,0.0,0.0,0.0,0.0,0.0,0.0,0.0,-43.1,0.0,0.0,0.0,41.3,0.0,0.0
normal&flying_normal,0.0,0.0,0.0,248.3,0.0,0.0,0.0,0.0,0.0,0.0,0.0,0.0,0.0,0.0,0.0,0.0,0.0,129.5,0.0,0.0,0.0,0.0,0.0,0.0,0.0,245.0,0.0,0.0,0.0,279.1,0.0,0.0
water&poison_ice&ground,-12.2,0.0,0.0,-50.7,0.0,0.0,0.0,0.0,0.0,0.0,0.0,0.0,0.0,50.2,2.7,0.0,0.0,0.0,0.0,0.0,0.0,0.0,0.0,0.0,0.0,0.0,0.0,0.0,0.0,0.0,0.0,0.0
fighting_ice&ground,0.0,0.0,0.0,-58.6,0.0,0.0,0.0,0.0,0.0,0.0,47.2,0.0,0.0,0.0,0.0,0.0,-40.8,0.0,0.0,0.0,-71.8,0.0,0.0,0.0,0.0,0.0,0.0,0.0,0.0,0.0,0.0,0.0
bug&fighting_ice&ground,0.0,0.0,0.0,30.3,0.0,0.0,0.0,0.0,0.0,0.0,16.9,0.0,0.0,0.0,0.0,0.0,0.0,153.9,0.0,0.0,0.0,0.0,0.0,0.0,0.0,0.0,76.1,0.0,0.0,0.0,0.0,0.0
ice&ground_water,0.0,0.0,0.0,0.0,0.0,0.0,0.0,-39.6,0.0,0.0,0.0,0.0,0.0,0.0,0.0,0.0,0.0,-147.3,-39.2,0.0,0.0,-115.8,-108.4,-37.2,0.0,0.0,0.0,0.0,0.0,0.0,0.0,0.0
normal_water,0.0,0.0,0.0,-3.6,0.0,0.0,0.0,-42.8,0.0,0.0,-37.7,0.5,0.0,0.0,0.0,0.0,0.0,3.8,-73.9,-1.2,0.0,0.0,0.0,-43.9,0.0,-19.1,0.0,0.0,0.0,0.0,0.0,0.0
fire&flying_psychic,0.0,0.0,0.0,-268.4,0.0,0.0,0.0,-148.4,0.0,0.0,0.0,-212.9,0.0,0.0,0.0,0.0,0.0,-34.8,-181.2,0.0,0.0,0.0,0.0,0.0,0.0,0.0,0.0,0.0,0.0,0.0,0.0,0.0
steel_ghost&dark,0.0,0.0,0.0,0.0,0.0,0.0,0.0,0.0,0.0,0.0,0.0,0.0,0.0,0.0,0.0,0.0,0.0,71.0,149.9,0.0,0.0,0.0,81.2,209.8,0.0,0.0,0.0,0.0,0.0,0.0,0.0,0.0
water&dragon_ghost&dark,85.7,0.0,0.0,0.0,0.0,0.0,0.0,0.0,0.0,0.0,0.0,0.0,0.0,0.0,0.0,0.0,0.0,65.1,0.0,0.0,0.0,0.0,0.0,0.0,224.1,0.0,0.0,0.0,0.0,0.0,0.0,0.0
water&dragon_normal,166.2,0.0,0.0,0.0,0.0,0.0,0.0,0.0,0.0,0.0,0.0,0.0,0.0,0.0,0.0,0.0,0.0,80.1,0.0,0.0,0.0,0.0,0.0,0.0,110.6,0.0,0.0,0.0,0.0,0.0,0.0,0.0
normal&flying_water,0.0,0.0,0.0,23.6,0.0,0.0,0.0,0.0,0.0,0.0,0.0,0.0,0.0,0.0,0.0,0.0,0.0,0.0,0.0,0.0,0.0,0.0,0.0,0.0,0.0,21.7,0.0,0.0,0.0,266.1,0.0,0.0
fighting_water,0.0,0.0,0.0,2.6,0.0,0.0,0.0,0.0,0.0,0.0,93.0,0.0,0.0,0.0,0.0,0.0,20.3,0.0,0.0,0.0,2.2,0.0,0.0,0.0,0.0,0.0,0.0,0.0,0.0,0.0,0.0,0.0
fighting_fighting,0.0,0.0,0.0,0.0,17.5,0.0,0.0,0.0,0.0,0.0,364.6,0.0,0.0,0.0,0.0,0.0,115.3,17.0,0.0,0.0,33.8,0.0,0.0,0.0,0.0,0.0,0.0,0.0,0.0,0.0,0.0,0.0
bug&fighting_fighting,0.0,0.0,0.0,-2.2,0.0,0.0,0.0,0.0,0.0,0.0,33.6,0.0,0.0,0.0,0.0,0.0,0.0,87.9,0.0,0.0,0.0,0.0,0.0,0.0,0.0,0.0,14.7,0.0,0.0,0.0,0.0,0.0
bug&fighting_normal&flying,0.0,0.0,0.0,-79.7,0.0,0.0,0.0,0.0,0.0,0.0,34.3,0.0,0.0,0.0,0.0,0.0,0.0,-81.7,0.0,0.0,0.0,0.0,0.0,0.0,0.0,0.0,-22.7,0.0,0.0,0.0,0.0,0.0
water&poison_psychic,-92.1,0.0,0.0,-37.9,-9.2,0.0,0.0,0.0,0.0,0.0,0.0,0.0,0.0,-87.2,-112.0,0.0,0.0,-13.4,0.0,0.0,0.0,0.0,0.0,0.0,0.0,0.0,0.0,0.0,0.0,0.0,0.0,0.0
psychic&grass_rock&dark,0.0,0.0,0.0,0.0,0.0,0.0,49.4,0.0,0.0,0.0,0.0,0.0,0.0,0.0,0.0,0.0,53.3,0.0,0.0,0.0,0.0,0.0,0.0,0.0,0.0,0.0,369.2,0.0,0.0,0.0,0.0,0.0
ground&psychic_rock&flying,0.0,0.0,0.0,-4.1,0.0,0.0,0.0,0.0,0.0,0.0,0.0,0.0,0.0,0.0,0.0,0.0,0.0,-6.2,0.0,0.0,0.0,-14.0,-32.2,0.0,0.0,0.0,-3.8,0.0,-31.8,0.0,0.0,0.0
dark_rock&flying,0.0,0.0,0.0,5.5,0.0,0.0,0.0,0.0,0.0,0.0,0.0,0.0,0.0,0.0,0.0,0.0,0.0,-13.0,0.0,0.0,0.0,0.0,0.0,0.0,0.0,0.0,-11.9,0.0,0.0,0.0,0.0,0.0
dark_rock&dark,0.0,0.0,0.0,-64.9,0.0,0.0,0.0,0.0,0.0,0.0,0.0,0.0,0.0,0.0,0.0,0.0,0.0,3.3,0.0,0.0,0.0,0.0,0.0,0.0,0.0,0.0,0.0,0.0,0.0,0.0,0.0,0.0
fighting_bug&fighting,0.0,0.0,0.0,-90.0,0.0,0.0,0.0,0.0,0.0,0.0,12.1,0.0,0.0,0.0,0.0,0.0,-67.5,0.0,0.0,0.0,-135.8,0.0,0.0,0.0,0.0,0.0,0.0,0.0,0.0,0.0,0.0,0.0
fighting_water&poison,0.0,0.0,0.0,-75.0,0.0,0.0,0.0,0.0,0.0,0.0,-18.9,0.0,0.0,0.0,0.0,0.0,94.9,0.0,0.0,0.0,-8.6,0.0,0.0,0.0,0.0,0.0,0.0,0.0,0.0,0.0,0.0,0.0
normal&flying_water&poison,0.0,0.0,0.0,-1.8,0.0,0.0,0.0,0.0,0.0,0.0,0.0,0.0,0.0,4.9,0.0,0.0,0.0,0.0,0.0,0.0,0.0,0.0,0.0,0.0,0.0,268.8,0.0,0.0,0.0,13.4,0.0,0.0
normal&flying_fighting,0.0,0.0,0.0,40.0,0.0,0.0,0.0,0.0,0.0,0.0,0.0,0.0,0.0,0.0,0.0,0.0,0.0,0.0,0.0,0.0,0.0,0.0,0.0,0.0,0.0,30.6,0.0,0.0,0.0,477.3,0.0,0.0
normal&flying_steel&psychic,0.0,0.0,0.0,176.4,0.0,0.0,0.0,0.0,0.0,0.0,0.0,0.0,0.0,0.0,0.0,0.0,0.0,135.6,0.0,0.0,0.0,0.0,0.0,0.0,0.0,89.4,0.0,0.0,0.0,114.9,0.0,0.0
poison&flying_water,0.0,0.0,0.0,0.0,0.0,0.0,0.0,0.0,0.0,0.0,0.0,11.3,0.0,0.0,0.0,0.0,0.0,73.9,0.0,0.0,0.0,0.0,0.0,0.0,0.0,0.0,44.8,28.0,0.0,0.0,0.0,0.0
poison&flying_normal&flying,0.0,0.0,0.0,19.9,0.0,0.0,0.0,0.0,0.0,0.0,0.0,134.3,0.0,0.0,0.0,0.0,0.0,111.6,0.0,0.0,0.0,0.0,0.0,0.0,0.0,0.0,162.8,113.6,0.0,0.0,0.0,0.0
normal_grass&fighting,0.0,0.0,0.0,7.5,0.0,0.0,0.0,618.6,0.0,0.0,155.7,0.0,0.0,0.0,0.0,0.0,0.0,0.0,-31.3,-46.8,0.0,0.0,0.0,0.0,0.0,4.8,0.0,0.0,0.0,0.0,0.0,0.0
ghost&dark_steel&psychic,0.0,0.0,0.0,-61.2,0.0,0.0,0.0,0.0,0.0,0.0,0.0,0.0,0.0,0.0,0.0,0.0,-5.8,0.0,0.0,0.0,0.0,0.0,0.0,0.0,0.0,0.0,-31.6,0.0,0.0,0.0,-41.6,-63.4
normal&flying_ice&ground,0.0,0.0,0.0,151.8,0.0,0.0,0.0,0.0,0.0,0.0,0.0,0.0,0.0,0.0,0.0,0.0,0.0,0.0,0.0,0.0,0.0,0.0,0.0,0.0,0.0,32.4,0.0,0.0,0.0,674.3,0.0,0.0
normal&flying_grass,0.0,0.0,0.0,73.9,0.0,0.0,0.0,0.0,0.0,0.0,0.0,0.0,0.0,0.0,0.0,0.0,0.0,0.0,0.0,0.0,0.0,0.0,0.0,0.0,0.0,72.8,0.0,0.0,0.0,784.1,0.0,0.0
normal&flying_steel,0.0,0.0,0.0,-39.7,0.0,0.0,0.0,0.0,0.0,0.0,0.0,0.0,0.0,0.0,0.0,0.0,0.0,0.0,0.0,0.0,0.0,0.0,0.0,0.0,0.0,-16.8,0.0,0.0,0.0,104.9,0.0,0.0
fighting_water&dragon,0.0,0.0,0.0,-27.9,0.0,0.0,0.0,0.0,0.0,0.0,28.6,0.0,0.0,0.0,0.0,0.0,-60.5,0.0,0.0,0.0,-25.0,0.0,0.0,0.0,0.0,0.0,0.0,0.0,0.0,0.0,0.0,0.0
bug&fighting_poison&flying,-15.2,0.0,0.0,-75.1,0.0,0.0,0.0,0.0,0.0,0.0,-72.3,0.0,0.0,-25.0,0.0,0.0,-6.5,-91.1,0.0,0.0,0.0,0.0,0.0,0.0,0.0,0.0,-106.6,0.0,0.0,-10.4,0.0,0.0
normal&flying_psychic&fighting,0.0,0.0,0.0,-51.1,0.0,0.0,0.0,0.0,0.0,0.0,0.0,0.0,0.0,0.0,0.0,0.0,0.0,0.0,0.0,0.0,0.0,0.0,0.0,0.0,0.0,-26.4,0.0,0.0,0.0,-11.2,0.0,0.0
water_water&dragon,-100.2,-123.3,-72.9,-110.2,0.0,0.0,0.0,0.0,0.0,0.0,0.0,0.0,0.0,-84.8,0.0,0.0,0.0,-64.4,0.0,0.0,0.0,0.0,0.0,0.0,0.0,0.0,0.0,0.0,0.0,0.0,0.0,0.0
fighting_grass,0.0,0.0,0.0,29.5,0.0,0.0,0.0,0.0,0.0,0.0,278.0,0.0,0.0,0.0,0.0,0.0,150.3,0.0,0.0,0.0,88.3,0.0,0.0,0.0,0.0,0.0,0.0,0.0,0.0,0.0,0.0,0.0
fighting_steel,0.0,0.0,0.0,118.0,0.0,0.0,0.0,0.0,0.0,0.0,243.6,0.0,0.0,0.0,0.0,0.0,-20.5,0.0,0.0,0.0,43.1,0.0,0.0,0.0,0.0,0.0,0.0,0.0,0.0,0.0,0.0,0.0
rock&flying_normal,0.0,0.0,0.0,213.4,0.0,0.0,0.0,0.0,0.0,0.0,0.0,157.1,265.5,0.0,0.0,0.0,0.0,0.0,0.0,0.0,0.0,0.0,0.0,0.0,0.0,0.0,0.0,0.0,0.0,0.0,0.0,0.0
rock&flying_steel,0.0,0.0,0.0,-17.3,0.0,0.0,0.0,0.0,0.0,0.0,0.0,74.0,140.5,0.0,0.0,0.0,0.0,0.0,0.0,0.0,0.0,0.0,0.0,0.0,0.0,0.0,0.0,0.0,0.0,0.0,0.0,0.0
rock&dark_water&dragon,0.0,0.0,0.0,-8.0,0.0,0.0,0.0,-146.7,-157.2,-121.0,-98.6,0.0,0.0,0.0,0.0,0.0,0.0,0.0,0.0,0.0,0.0,0.0,0.0,0.0,0.0,0.0,0.0,0.0,0.0,0.0,0.0,0.0
rock&dark_grass,0.0,0.0,0.0,0.0,0.0,0.0,0.0,340.7,15.8,1.7,110.4,0.0,0.0,0.0,0.0,0.0,0.0,0.0,0.0,0.0,0.0,0.0,0.0,0.0,0.0,0.0,0.0,0.0,0.0,0.0,0.0,0.0
dark_water&poison,0.0,0.0,0.0,-36.0,0.0,0.0,0.0,0.0,0.0,0.0,0.0,0.0,0.0,0.0,0.0,0.0,0.0,0.0,0.0,0.0,0.0,0.0,0.0,0.0,0.0,0.0,6.3,0.0,0.0,0.0,0.0,0.0
ground&psychic_water,0.0,0.0,0.0,-2.0,0.0,0.0,0.0,0.0,0.0,0.0,0.0,0.0,0.0,0.0,0.0,0.0,0.0,-137.8,0.0,0.0,0.0,0.0,-132.4,0.0,0.0,0.0,0.0,0.0,-134.8,0.0,0.0,0.0
ground&psychic_water&poison,0.0,0.0,0.0,0.0,0.0,0.0,0.0,0.0,0.0,0.0,0.0,0.0,0.0,0.0,0.0,0.0,0.0,-67.3,0.0,0.0,0.0,0.0,-57.5,0.0,0.0,0.0,-2.0,0.0,-21.6,0.0,0.0,0.0
dark&ice_water&poison,0.0,0.0,0.0,-1.4,0.0,0.0,0.0,0.0,0.0,0.0,-8.7,0.0,0.0,0.0,0.0,0.0,0.0,-10.1,0.0,0.0,178.7,0.0,0.0,131.0,0.0,0.0,0.0,-28.2,0.0,0.0,0.0,0.0
psychic_water&poison,0.0,0.0,0.0,0.0,0.0,0.0,0.0,0.0,0.0,0.0,0.0,0.0,0.0,0.0,0.0,0.0,0.0,0.0,0.0,0.0,0.0,0.0,-8.6,0.0,0.0,0.0,172.5,28.0,0.0,0.0,0.0,0.0
normal&flying_ghost&dark,0.0,0.0,0.0,334.1,0.0,0.0,0.0,0.0,0.0,0.0,0.0,0.0,0.0,0.0,0.0,0.0,0.0,0.0,0.0,0.0,0.0,0.0,0.0,0.0,0.0,244.4,0.0,0.0,0.0,349.5,0.0,0.0
normal&flying_grass&fighting,0.0,0.0,0.0,21.4,0.0,0.0,0.0,0.0,0.0,0.0,0.0,0.0,0.0,0.0,0.0,0.0,0.0,0.0,0.0,0.0,0.0,0.0,0.0,0.0,0.0,28.5,0.0,0.0,0.0,447.6,0.0,0.0
psychic_psychic&fighting,0.0,0.0,0.0,0.0,0.0,0.0,0.0,0.0,0.0,0.0,0.0,0.0,0.0,0.0,0.0,0.0,0.0,2.5,0.0,0.0,0.0,0.0,0.0,0.0,0.0,0.0,-23.6,-43.4,0.0,0.0,0.0,0.0
grass&fighting_fire&flying,-28.7,0.0,0.0,-103.7,-127.8,-26.8,-19.1,-83.8,-25.1,-29.5,297.6,0.0,-81.0,0.0,0.0,-35.6,-25.9,-124.4,-16.4,-40.1,-41.4,-75.5,0.0,-50.8,-86.2,0.0,-111.7,0.0,0.0,0.0,-47.6,-39.8
grass&fighting_grass,0.0,0.0,0.0,236.5,0.0,0.0,0.0,0.0,0.0,0.0,317.3,0.0,0.0,0.0,0.0,0.0,0.0,183.6,0.0,258.1,0.0,0.0,0.0,0.0,0.0,0.0,0.0,0.0,0.0,0.0,0.0,0.0
grass&fighting_steel,0.0,0.0,0.0,47.3,0.0,0.0,0.0,0.0,0.0,0.0,89.5,0.0,0.0,0.0,0.0,0.0,0.0,0.0,0.0,220.4,0.0,0.0,0.0,0.0,0.0,0.0,0.0,0.0,0.0,0.0,0.0,0.0
grass&fighting_ice&ground,0.0,0.0,0.0,74.4,0.0,0.0,0.0,0.0,0.0,0.0,314.9,0.0,0.0,0.0,0.0,0.0,0.0,0.0,0.0,51.2,0.0,0.0,0.0,0.0,0.0,0.0,0.0,0.0,0.0,0.0,0.0,0.0
grass&fighting_water&dragon,0.0,0.0,0.0,14.4,0.0,0.0,0.0,0.0,0.0,0.0,177.6,0.0,0.0,0.0,0.0,0.0,0.0,0.0,0.0,33.1,0.0,0.0,0.0,0.0,0.0,0.0,0.0,0.0,0.0,0.0,0.0,0.0
ghost&dark_fire&flying,0.0,0.0,0.0,-52.8,0.0,0.0,0.0,0.0,0.0,0.0,0.0,0.0,0.0,0.0,0.0,0.0,-14.7,-6.3,0.0,0.0,0.0,0.0,0.0,0.0,0.0,0.0,0.0,0.0,0.0,0.0,-21.5,0.3
psychic_fire&flying,0.0,0.0,0.0,0.0,0.0,0.0,0.0,0.0,0.0,0.0,0.0,0.0,0.0,0.0,0.0,0.0,0.0,-13.5,0.0,0.0,0.0,0.0,1.0,0.0,0.0,0.0,328.0,-9.0,0.0,0.0,0.0,0.0
normal_fire&flying,0.0,0.0,0.0,-62.6,0.0,0.0,0.0,-71.4,0.0,0.0,23.2,0.0,0.0,0.0,0.0,0.0,0.0,-24.0,-166.2,-2.9,0.0,0.0,0.0,0.0,0.0,-59.8,0.0,0.0,0.0,0.0,0.0,0.0
ghost&dark_normal,0.0,0.0,0.0,-29.1,0.0,0.0,0.0,0.0,0.0,0.0,0.0,0.0,0.0,0.0,0.0,0.0,21.9,28.4,0.0,0.0,0.0,0.0,0.0,0.0,0.0,0.0,0.0,0.0,0.0,0.0,87.8,-30.9
grass_rock&flying,0.0,0.0,0.0,0.0,0.0,0.0,43.5,0.0,0.0,0.0,4.8,0.0,0.0,0.0,0.0,0.0,0.0,0.0,0.0,78.0,45.9,10.7,0.0,0.0,0.0,0.0,0.0,0.0,0.0,0.0,0.0,0.0
ice&ground_rock&dark,0.0,0.0,0.0,0.0,0.0,0.0,0.0,0.0,0.0,0.0,0.0,0.0,0.0,0.0,0.0,0.0,0.0,64.2,0.0,0.0,0.0,309.3,3.8,7.1,0.0,0.0,0.0,0.0,0.0,0.0,0.0,0.0
ice&ground_psychic&fighting,0.0,0.0,0.0,0.0,0.0,0.0,0.0,0.0,0.0,0.0,0.0,0.0,0.0,0.0,0.0,0.0,0.0,-121.6,0.0,0.0,0.0,-85.9,-116.6,-174.9,0.0,0.0,0.0,0.0,0.0,0.0,0.0,0.0
water&dragon_psychic&fighting,-174.9,0.0,0.0,0.0,0.0,0.0,0.0,0.0,0.0,0.0,0.0,0.0,0.0,0.0,0.0,0.0,0.0,-25.0,0.0,0.0,0.0,0.0,0.0,0.0,-145.2,0.0,0.0,0.0,0.0,0.0,0.0,0.0
water&dragon_water&poison,220.0,0.0,0.0,0.0,0.0,0.0,0.0,0.0,0.0,0.0,0.0,0.0,0.0,0.0,0.0,0.0,0.0,73.6,0.0,0.0,0.0,0.0,0.0,0.0,315.2,0.0,0.0,0.0,0.0,0.0,0.0,0.0
water&dragon_steel&psychic,275.5,0.0,0.0,0.0,0.0,0.0,0.0,0.0,0.0,0.0,0.0,0.0,0.0,0.0,0.0,0.0,0.0,58.9,0.0,0.0,0.0,0.0,0.0,0.0,171.3,0.0,0.0,0.0,0.0,0.0,0.0,0.0
water&dragon_water&dragon,-82.9,0.0,0.0,0.0,0.0,0.0,0.0,0.0,0.0,0.0,0.0,0.0,0.0,0.0,0.0,0.0,0.0,-8.0,0.0,0.0,0.0,0.0,0.0,0.0,135.3,0.0,0.0,0.0,0.0,0.0,0.0,0.0
steel_water&dragon,0.0,0.0,0.0,0.0,0.0,0.0,0.0,0.0,0.0,0.0,0.0,0.0,0.0,0.0,0.0,0.0,0.0,-4.1,-21.9,0.0,0.0,0.0,-13.0,74.5,0.0,0.0,0.0,0.0,0.0,0.0,0.0,0.0
ice&ground_water&dragon,0.0,0.0,0.0,0.0,0.0,0.0,0.0,0.0,0.0,0.0,0.0,0.0,0.0,0.0,0.0,0.0,0.0,-64.1,0.0,0.0,0.0,-38.4,-13.4,-63.6,0.0,0.0,0.0,0.0,0.0,0.0,0.0,0.0
grass_water&dragon,0.0,0.0,0.0,0.0,0.0,0.0,-110.9,0.0,0.0,0.0,0.0,0.0,0.0,0.0,0.0,0.0,0.0,0.0,0.0,-99.5,-110.4,-157.5,0.0,0.0,0.0,0.0,0.0,0.0,0.0,0.0,0.0,0.0
grass_ice&ground,0.0,0.0,0.0,0.0,0.0,0.0,27.0,0.0,0.0,0.0,0.0,0.0,0.0,0.0,0.0,0.0,0.0,0.0,0.0,8.0,0.0,-4.7,0.0,0.0,0.0,0.0,0.0,0.0,0.0,0.0,0.0,0.0
grass_steel,0.0,0.0,0.0,0.0,0.0,0.0,-36.4,0.0,0.0,0.0,0.0,0.0,0.0,0.0,0.0,0.0,0.0,0.0,0.0,12.9,13.4,-11.9,0.0,0.0,0.0,0.0,0.0,0.0,0.0,0.0,0.0,0.0
grass_grass,0.0,0.0,0.0,0.0,0.0,0.0,99.2,0.0,0.0,0.0,0.0,0.0,0.0,0.0,0.0,0.0,0.0,0.0,0.0,-2.5,4.0,11.4,0.0,0.0,0.0,0.0,0.0,0.0,0.0,0.0,0.0,0.0
psychic&fighting_grass&fighting,0.0,0.0,0.0,0.0,0.0,0.0,0.0,0.0,0.0,0.0,173.7,0.0,100.5,0.0,0.0,20.8,39.9,40.1,0.0,0.0,0.0,0.0,0.0,0.0,0.0,0.0,0.0,0.0,0.0,0.0,0.0,0.0
psychic&fighting_normal,0.0,0.0,0.0,0.0,0.0,0.0,0.0,0.0,0.0,0.0,720.9,0.0,338.0,0.0,0.0,157.0,0.0,81.7,0.0,0.0,0.0,0.0,0.0,0.0,0.0,0.0,0.0,0.0,0.0,0.0,0.0,0.0
rock&flying_psychic,0.0,0.0,0.0,-23.0,0.0,0.0,0.0,0.0,0.0,0.0,0.0,-19.5,94.1,0.0,0.0,0.0,0.0,0.0,0.0,0.0,0.0,0.0,0.0,0.0,0.0,0.0,0.0,0.0,0.0,0.0,0.0,0.0
water_bug&fighting,-39.6,-42.1,-50.9,-91.3,0.0,0.0,0.0,0.0,0.0,0.0,0.0,0.0,0.0,0.5,0.0,0.0,0.0,-137.5,0.0,0.0,0.0,0.0,0.0,0.0,0.0,0.0,0.0,0.0,0.0,0.0,0.0,0.0
ghost&dark_rock&flying,0.0,0.0,0.0,-71.3,0.0,0.0,0.0,-13.2,0.0,0.0,0.0,0.0,0.0,0.0,0.0,0.0,-55.5,0.0,0.0,-14.8,0.0,0.0,0.0,0.0,0.0,0.0,-3.7,0.0,0.0,0.0,-75.4,-36.5
rock&flying_grass&fighting,0.0,0.0,0.0,-10.3,0.0,0.0,0.0,0.0,0.0,0.0,0.0,66.5,40.5,0.0,0.0,0.0,0.0,0.0,0.0,0.0,0.0,0.0,0.0,0.0,0.0,0.0,0.0,0.0,0.0,0.0,0.0,0.0
steel_dark&ice,0.0,0.0,0.0,0.0,0.0,0.0,0.0,0.0,0.0,0.0,0.0,0.0,0.0,0.0,0.0,0.0,0.0,162.6,4.2,0.0,0.0,13.8,-6.3,0.0,0.0,0.0,0.0,0.0,0.0,0.0,0.0,0.0
normal_ground&psychic,0.0,0.0,0.0,-79.0,0.0,0.0,0.0,-68.1,0.0,0.0,-0.8,0.0,0.0,0.0,0.0,0.0,0.0,0.0,-37.6,-2.4,0.0,0.0,0.0,0.0,0.0,-23.4,0.0,0.0,0.0,0.0,0.0,0.0
steel_steel,0.0,0.0,0.0,0.0,0.0,0.0,0.0,0.0,0.0,0.0,0.0,0.0,0.0,0.0,0.0,0.0,0.0,6.9,5.7,0.0,0.0,0.0,0.0,-13.9,0.0,0.0,0.0,0.0,0.0,0.0,0.0,0.0
normal_steel,0.0,0.0,0.0,-137.5,0.0,0.0,0.0,-221.8,0.0,0.0,-65.7,0.0,0.0,0.0,0.0,0.0,0.0,0.0,-235.3,-18.2,0.0,0.0,0.0,0.0,0.0,-120.5,0.0,0.0,0.0,0.0,0.0,0.0
rock&dark_psychic&grass,0.0,0.0,0.0,0.0,0.0,0.0,0.0,-114.9,-107.0,-89.6,-55.3,0.0,-14.9,0.0,0.0,0.0,0.0,0.0,0.0,0.0,0.0,0.0,0.0,0.0,0.0,0.0,0.0,0.0,0.0,0.0,0.0,0.0
rock&dark_ground&psychic,0.0,0.0,0.0,0.0,0.0,0.0,0.0,39.0,-8.2,4.1,-12.4,0.0,0.0,0.0,0.0,0.0,0.0,0.0,0.0,0.0,0.0,0.0,0.0,0.0,0.0,0.0,0.0,0.0,0.0,0.0,0.0,0.0
water_rock&flying,8.3,-42.6,-23.9,-24.6,0.0,0.0,0.0,0.0,0.0,0.0,0.0,0.0,0.0,56.3,0.0,0.0,0.0,-23.5,0.0,0.0,0.0,0.0,0.0,0.0,0.0,0.0,0.0,0.0,0.0,0.0,0.0,0.0
water_rock&dark,20.8,0.0,-14.2,8.7,0.0,0.0,0.0,0.0,0.0,0.0,0.0,0.0,0.0,120.9,0.0,0.0,0.0,27.8,0.0,0.0,0.0,0.0,0.0,0.0,0.0,0.0,0.0,0.0,0.0,0.0,0.0,0.0
rock&dark_rock&dark,0.0,0.0,0.0,0.0,0.0,0.0,0.0,0.0,-10.5,-27.6,252.4,0.0,0.0,0.0,0.0,0.0,0.0,0.0,0.0,0.0,0.0,0.0,0.0,0.0,0.0,0.0,0.0,0.0,0.0,0.0,0.0,0.0
rock&dark_psychic&fighting,0.0,0.0,0.0,0.0,0.0,0.0,0.0,-100.1,-148.3,-172.0,-164.3,0.0,0.0,0.0,0.0,0.0,0.0,0.0,0.0,0.0,0.0,0.0,0.0,0.0,0.0,0.0,0.0,0.0,0.0,0.0,0.0,0.0
rock&dark_water,0.0,0.0,0.0,0.0,0.0,0.0,0.0,7.0,57.5,309.5,5.4,0.0,0.0,0.0,0.0,0.0,0.0,0.0,0.0,0.0,0.0,0.0,0.0,0.0,0.0,0.0,0.0,0.0,0.0,0.0,0.0,0.0
rock&flying_water,0.0,0.0,0.0,236.3,0.0,0.0,0.0,0.0,0.0,0.0,0.0,304.9,130.7,0.0,0.0,0.0,0.0,0.0,0.0,0.0,0.0,0.0,0.0,0.0,0.0,0.0,0.0,0.0,0.0,0.0,0.0,0.0
normal_water&dragon,0.0,0.0,0.0,31.2,0.0,0.0,0.0,-136.4,0.0,0.0,3.9,0.0,0.0,0.0,0.0,0.0,0.0,-43.7,-63.7,-12.7,0.0,0.0,0.0,0.0,0.0,67.0,0.0,0.0,0.0,0.0,0.0,0.0
normal_grass,0.0,0.0,0.0,49.3,0.0,0.0,0.0,68.1,0.0,0.0,163.7,0.0,0.0,0.0,0.0,0.0,0.0,0.0,113.9,13.3,0.0,0.0,0.0,0.0,0.0,40.4,0.0,0.0,0.0,0.0,0.0,0.0
steel_grass,0.0,0.0,0.0,0.0,0.0,0.0,0.0,0.0,0.0,0.0,0.0,0.0,0.0,0.0,0.0,0.0,0.0,16.2,17.3,0.0,0.0,0.0,0.0,4.2,0.0,0.0,0.0,0.0,0.0,0.0,0.0,0.0
water&dragon_grass,8.4,0.0,0.0,0.0,0.0,0.0,0.0,0.0,0.0,0.0,0.0,0.0,0.0,0.0,0.0,0.0,0.0,8.7,0.0,0.0,0.0,0.0,0.0,0.0,173.7,0.0,0.0,0.0,0.0,0.0,0.0,0.0
water&dragon_steel,-24.7,0.0,0.0,0.0,0.0,0.0,0.0,0.0,0.0,0.0,0.0,0.0,0.0,0.0,0.0,0.0,0.0,-16.6,0.0,0.0,0.0,0.0,0.0,0.0,-68.2,0.0,0.0,0.0,0.0,0.0,0.0,0.0
rock&flying_water&poison,0.0,0.0,0.0,24.3,0.0,0.0,0.0,0.0,0.0,0.0,0.0,22.7,322.8,0.0,0.0,0.0,0.0,0.0,0.0,0.0,0.0,0.0,0.0,0.0,0.0,0.0,0.0,0.0,0.0,0.0,0.0,0.0
steel&psychic_psychic,0.0,0.0,-83.4,-34.8,-186.7,-41.6,-60.0,0.0,0.0,0.0,0.0,0.0,0.0,0.0,0.0,0.0,-40.9,-40.2,0.0,0.0,0.0,-162.6,0.0,0.0,0.0,0.0,11.1,0.0,0.0,0.0,0.0,0.0
water&poison_grass&fighting,2.6,0.0,0.0,14.5,0.0,0.0,0.0,0.0,0.0,0.0,0.0,0.0,0.0,9.9,158.4,0.0,0.0,0.0,0.0,0.0,0.0,0.0,0.0,0.0,0.0,0.0,0.0,0.0,0.0,0.0,0.0,0.0
water&dragon_bug&fighting,-136.0,0.0,0.0,0.0,0.0,0.0,0.0,0.0,0.0,0.0,0.0,0.0,0.0,0.0,0.0,0.0,0.0,-29.3,0.0,0.0,0.0,0.0,0.0,0.0,-241.6,0.0,0.0,0.0,0.0,0.0,0.0,0.0
steel_bug&fighting,0.0,0.0,0.0,0.0,0.0,0.0,0.0,0.0,0.0,0.0,0.0,0.0,0.0,0.0,0.0,0.0,0.0,-44.1,-116.4,0.0,0.0,0.0,-44.2,-103.8,0.0,0.0,0.0,0.0,0.0,0.0,0.0,0.0
psychic_psychic&grass,0.0,0.0,0.0,0.0,0.0,0.0,0.0,0.0,0.0,0.0,0.0,0.0,0.0,0.0,0.0,0.0,0.0,159.4,0.0,0.0,0.0,0.0,-23.9,0.0,0.0,0.0,42.8,-9.6,0.0,0.0,0.0,0.0
water&dragon_poison&flying,-62.6,0.0,0.0,0.0,0.0,0.0,0.0,0.0,0.0,0.0,0.0,0.0,0.0,0.0,0.0,0.0,0.0,-19.4,0.0,0.0,-8.2,0.0,0.0,0.0,-98.0,0.0,0.0,0.0,0.0,0.0,0.0,0.0
water&dragon_dark,308.3,0.0,0.0,0.0,0.0,0.0,0.0,0.0,0.0,0.0,0.0,0.0,0.0,0.0,0.0,0.0,0.0,57.0,0.0,0.0,0.0,0.0,0.0,0.0,69.1,0.0,0.0,0.0,0.0,0.0,0.0,0.0
grass_psychic,0.0,0.0,0.0,0.0,0.0,0.0,10.9,0.0,0.0,0.0,0.0,0.0,0.0,0.0,0.0,0.0,0.0,0.0,0.0,38.6,-2.1,-69.4,0.0,0.0,0.0,0.0,0.0,0.0,0.0,0.0,0.0,0.0
grass_dark&ice,0.0,0.0,0.0,0.0,0.0,0.0,5.7,0.0,0.0,0.0,0.0,0.0,0.0,0.0,0.0,0.0,0.0,2.9,0.0,61.5,14.7,105.3,0.0,0.0,0.0,0.0,0.0,0.0,0.0,0.0,0.0,0.0
steel_psychic,0.0,0.0,0.0,0.0,0.0,0.0,0.0,0.0,0.0,0.0,0.0,0.0,0.0,0.0,0.0,0.0,0.0,0.0,0.0,0.0,0.0,0.0,-13.9,0.0,0.0,0.0,0.0,0.0,0.0,0.0,0.0,0.0
ice&ground_ghost&dark,0.0,0.0,0.0,0.0,0.0,0.0,0.0,0.0,0.0,0.0,0.0,0.0,0.0,0.0,0.0,0.0,0.0,0.0,0.0,0.0,0.0,85.4,43.8,284.6,0.0,0.0,0.0,0.0,0.0,0.0,0.0,0.0
bug&fighting_water&dragon,0.0,0.0,0.0,-10.6,0.0,0.0,0.0,0.0,0.0,0.0,27.5,0.0,0.0,0.0,0.0,0.0,0.0,-5.1,0.0,0.0,0.0,0.0,0.0,0.0,0.0,0.0,165.5,0.0,0.0,0.0,0.0,0.0
bug&fighting_normal,0.0,0.0,0.0,-11.3,0.0,0.0,0.0,0.0,0.0,0.0,100.1,0.0,0.0,0.0,0.0,0.0,0.0,181.4,0.0,0.0,0.0,0.0,0.0,0.0,0.0,0.0,87.9,0.0,0.0,0.0,0.0,0.0
normal&flying_psychic,0.0,0.0,0.0,-58.1,0.0,0.0,0.0,0.0,0.0,0.0,0.0,0.0,0.0,0.0,0.0,0.0,0.0,0.0,0.0,0.0,0.0,0.0,0.0,0.0,0.0,-63.3,0.0,0.0,0.0,-136.1,0.0,0.0
bug&fighting_grass&fighting,0.0,0.0,0.0,-7.9,0.0,0.0,0.0,0.0,0.0,0.0,265.4,0.0,0.0,0.0,0.0,0.0,0.0,16.3,0.0,0.0,0.0,0.0,0.0,0.0,0.0,0.0,40.0,0.0,0.0,0.0,0.0,0.0
bug&fighting_dark&ice,-26.9,0.0,0.0,-64.3,0.0,0.0,0.0,0.0,0.0,0.0,-130.2,0.0,0.0,0.0,0.0,0.0,0.0,-95.9,0.0,0.0,0.0,0.0,0.0,0.0,0.0,0.0,-106.1,0.0,0.0,0.0,0.0,0.0
fighting_ghost&dark,0.0,0.0,0.0,-7.3,0.0,0.0,0.0,0.0,0.0,0.0,13.2,0.0,0.0,0.0,0.0,0.0,36.8,0.0,0.0,0.0,75.6,0.0,0.0,0.0,0.0,0.0,0.0,0.0,0.0,0.0,0.0,0.0
grass_dark,86.1,0.0,0.0,35.4,0.0,0.0,127.6,0.0,0.0,0.0,0.0,37.8,0.0,0.0,0.0,0.0,0.0,56.6,0.0,53.0,61.5,93.9,0.0,42.7,81.7,0.0,0.0,0.0,0.0,0.0,0.0,0.0
grass_poison&flying,0.0,0.0,0.0,0.0,0.0,0.0,-62.5,0.0,0.0,0.0,0.0,-7.9,0.0,0.0,0.0,0.0,0.0,3.1,-7.5,83.7,75.8,-28.3,0.0,0.0,0.0,0.0,0.0,0.0,0.0,0.0,0.0,0.0
ice&ground_poison&flying,0.0,0.0,0.0,0.0,0.0,0.0,0.0,0.0,0.0,0.0,0.0,0.0,0.0,0.0,0.0,0.0,0.0,-27.1,0.0,0.0,-8.5,-49.6,-26.3,85.6,0.0,0.0,0.0,0.0,0.0,0.0,0.0,0.0
ice&ground_ground&psychic,0.0,0.0,0.0,0.0,0.0,0.0,0.0,0.0,0.0,0.0,0.0,0.0,0.0,0.0,0.0,0.0,0.0,-24.4,0.0,0.0,0.0,-29.5,-34.4,-57.4,0.0,0.0,0.0,0.0,0.0,0.0,0.0,0.0
ground&psychic_psychic,0.0,0.0,0.0,0.0,0.0,0.0,0.0,0.0,0.0,0.0,0.0,0.0,0.0,0.0,0.0,0.0,0.0,-46.5,0.0,0.0,0.0,0.0,-89.0,-24.0,0.0,0.0,0.0,0.0,-39.9,0.0,0.0,0.0
water&dragon_fire&flying,0.0,0.0,0.0,0.0,0.0,0.0,0.0,0.0,0.0,0.0,0.0,0.0,0.0,0.0,0.0,0.0,0.0,40.7,0.0,0.0,0.0,0.0,0.0,0.0,311.3,0.0,0.0,0.0,0.0,0.0,0.0,0.0
grass_fire&flying,0.0,0.0,0.0,0.0,0.0,0.0,-74.2,0.0,0.0,0.0,0.0,0.0,0.0,0.0,0.0,0.0,0.0,0.0,0.0,-138.4,-64.7,-40.8,0.0,0.0,0.0,0.0,0.0,0.0,0.0,0.0,0.0,0.0
ice&ground_fire&flying,0.0,0.0,0.0,0.0,0.0,0.0,0.0,0.0,0.0,0.0,0.0,0.0,0.0,0.0,0.0,0.0,0.0,136.3,0.0,0.0,0.0,197.5,250.0,121.5,0.0,0.0,0.0,0.0,0.0,0.0,0.0,0.0
bug&fighting_bug&fighting,0.0,0.0,0.0,-6.7,0.0,0.0,0.0,0.0,0.0,0.0,14.9,0.0,0.0,0.0,0.0,0.0,0.0,0.0,0.0,0.0,0.0,0.0,0.0,0.0,0.0,0.0,-2.1,0.0,0.0,0.0,0.0,0.0
rock&dark_water&poison,0.0,0.0,0.0,0.0,0.0,0.0,0.0,-157.0,-185.1,-70.7,-154.8,0.0,0.0,0.0,0.0,0.0,0.0,0.0,0.0,0.0,0.0,0.0,0.0,0.0,0.0,0.0,0.0,0.0,0.0,0.0,0.0,0.0
psychic&fighting_fighting,0.0,0.0,0.0,0.0,0.0,0.0,0.0,0.0,0.0,0.0,27.0,0.0,4.0,0.0,0.0,385.2,18.4,0.0,0.0,0.0,0.0,0.0,0.0,0.0,0.0,0.0,0.0,0.0,0.0,0.0,0.0,0.0
psychic&fighting_fire&flying,0.0,0.0,0.0,0.0,0.0,0.0,0.0,0.0,0.0,0.0,49.8,0.0,0.0,0.0,0.0,45.1,1.1,0.0,0.0,0.0,0.0,0.0,0.0,0.0,0.0,0.0,0.0,0.0,0.0,0.0,0.0,0.0
psychic&fighting_water&dragon,0.0,0.0,0.0,0.0,0.0,0.0,0.0,0.0,0.0,0.0,5.8,0.0,71.2,0.0,0.0,0.0,-2.4,-29.1,0.0,0.0,0.0,0.0,0.0,0.0,0.0,0.0,0.0,0.0,0.0,0.0,0.0,0.0
rock&flying_ghost&dark,0.0,0.0,0.0,185.5,0.0,0.0,0.0,0.0,0.0,0.0,0.0,156.2,269.1,0.0,0.0,0.0,0.0,94.2,0.0,0.0,0.0,0.0,0.0,0.0,0.0,0.0,0.0,0.0,0.0,0.0,0.0,0.0
ice&ground_psychic&grass,0.0,0.0,0.0,0.0,0.0,0.0,0.0,0.0,0.0,0.0,0.0,0.0,0.0,0.0,0.0,0.0,0.0,0.0,0.0,0.0,0.0,35.7,-27.7,108.6,0.0,0.0,0.0,0.0,0.0,0.0,0.0,0.0
ice&ground_dark,0.0,0.0,0.0,0.0,0.0,0.0,0.0,0.0,0.0,0.0,0.0,0.0,0.0,0.0,0.0,0.0,0.0,-0.8,0.0,0.0,0.0,198.7,43.5,-8.2,0.0,0.0,0.0,0.0,0.0,0.0,0.0,0.0
water&dragon_psychic&grass,-48.9,0.0,0.0,0.0,0.0,0.0,0.0,0.0,0.0,0.0,0.0,0.0,0.0,0.0,0.0,0.0,0.0,0.0,0.0,0.0,0.0,0.0,0.0,0.0,-9.7,0.0,0.0,0.0,0.0,0.0,0.0,0.0
psychic_normal,0.0,0.0,0.0,0.0,0.0,0.0,0.0,0.0,0.0,0.0,0.0,0.0,0.0,0.0,0.0,0.0,0.0,585.2,0.0,0.0,0.0,0.0,34.9,0.0,0.0,0.0,0.0,0.0,0.0,0.0,0.0,0.0
ice&ground_bug&fighting,0.0,0.0,0.0,0.0,0.0,0.0,0.0,0.0,0.0,0.0,0.0,0.0,0.0,0.0,0.0,0.0,0.0,-10.1,0.0,0.0,0.0,-57.0,0.0,63.4,0.0,0.0,0.0,0.0,0.0,0.0,0.0,0.0
ice&ground_normal&flying,0.0,0.0,0.0,0.0,0.0,0.0,0.0,0.0,0.0,0.0,0.0,0.0,0.0,0.0,0.0,0.0,0.0,0.0,0.0,-28.4,-23.4,-20.9,-34.0,139.7,-24.0,0.0,0.0,0.0,0.0,0.0,0.0,0.0
grass_normal&flying,0.0,0.0,0.0,0.0,0.0,0.0,-86.3,0.0,0.0,0.0,0.0,0.0,0.0,0.0,0.0,0.0,0.0,-6.6,0.0,146.7,-27.2,-0.0,0.0,-3.8,0.0,0.0,0.0,0.0,0.0,0.0,0.0,0.0
water&poison_water,42.4,0.0,0.0,14.6,0.0,0.0,0.0,0.0,0.0,0.0,0.0,0.0,0.0,1.4,110.5,0.0,0.0,0.0,0.0,0.0,0.0,0.0,0.0,0.0,0.0,0.0,0.0,0.0,0.0,0.0,0.0,0.0
psychic&fighting_ice&ground,0.0,0.0,0.0,0.0,0.0,0.0,0.0,0.0,0.0,0.0,1.3,0.0,-99.1,0.0,0.0,18.1,-32.7,0.0,0.0,0.0,0.0,0.0,0.0,0.0,0.0,0.0,0.0,0.0,0.0,0.0,0.0,0.0
rock&dark_ice&ground,0.0,0.0,0.0,0.0,0.0,0.0,0.0,-175.1,-187.6,-188.7,-222.3,0.0,0.0,0.0,0.0,0.0,0.0,0.0,0.0,0.0,0.0,0.0,0.0,0.0,0.0,0.0,0.0,0.0,0.0,0.0,0.0,0.0
rock&dark_fire&flying,0.0,0.0,0.0,0.0,0.0,0.0,0.0,-18.0,20.0,-13.1,-21.3,0.0,0.0,0.0,0.0,0.0,0.0,0.0,0.0,0.0,0.0,0.0,0.0,0.0,0.0,0.0,0.0,0.0,0.0,0.0,0.0,0.0
normal_ice&ground,0.0,0.0,0.0,-134.2,0.0,0.0,0.0,86.1,0.0,0.0,-84.6,0.0,0.0,0.0,0.0,0.0,0.0,0.0,-85.6,-116.8,0.0,0.0,0.0,0.0,0.0,-101.4,0.0,0.0,0.0,0.0,0.0,0.0
psychic_grass,0.0,0.0,0.0,0.0,0.0,0.0,0.0,0.0,0.0,0.0,0.0,0.0,0.0,0.0,0.0,0.0,0.0,138.9,0.0,0.0,0.0,0.0,350.8,0.0,0.0,0.0,84.7,71.8,0.0,0.0,0.0,0.0
poison&flying_bug&fighting,0.0,0.0,0.0,0.0,0.0,0.0,0.0,0.0,0.0,0.0,0.0,115.0,0.0,0.0,0.0,0.0,0.0,50.3,0.0,0.0,0.0,0.0,0.0,0.0,0.0,0.0,374.3,0.0,0.0,0.0,0.0,0.0
dark_normal&flying,0.0,0.0,0.0,-17.9,0.0,0.0,41.4,0.0,0.0,0.0,0.0,0.0,0.0,0.0,0.0,0.0,0.0,-20.8,0.0,0.0,0.0,0.0,-2.6,0.0,0.0,0.0,15.3,0.0,0.0,0.0,0.0,0.0
fighting_rock&flying,0.0,0.0,0.0,-11.4,0.0,0.0,0.0,0.0,0.0,0.0,120.7,0.0,0.0,-22.7,0.0,0.0,6.4,0.0,0.0,0.0,38.1,0.0,0.0,0.0,0.0,0.0,0.0,0.0,0.0,0.0,0.0,0.0
normal&flying_fire&flying,0.0,0.0,0.0,77.7,0.0,0.0,0.0,0.0,0.0,0.0,0.0,0.0,0.0,0.0,0.0,0.0,0.0,22.7,0.0,0.0,0.0,0.0,0.0,0.0,0.0,99.0,0.0,0.0,0.0,22.5,0.0,0.0
ghost&dark_psychic&grass,0.0,0.0,0.0,-35.6,0.0,0.0,0.0,0.0,0.0,0.0,0.0,0.0,0.0,0.0,0.0,0.0,-49.1,0.0,0.0,-6.6,0.0,0.0,0.0,0.0,0.0,0.0,0.0,0.0,0.0,0.0,-36.8,17.7
normal_rock&dark,0.0,0.0,0.0,-135.2,0.0,0.0,0.0,-44.2,0.0,0.0,-22.4,0.0,0.0,0.0,0.0,0.0,0.0,0.0,-99.9,-43.8,0.0,0.0,0.0,0.0,0.0,-12.9,0.0,0.0,0.0,0.0,0.0,0.0
psychic_rock&dark,0.0,0.0,0.0,0.0,0.0,0.0,0.0,0.0,0.0,0.0,0.0,0.0,0.0,0.0,0.0,0.0,0.0,10.3,0.0,0.0,0.0,0.0,6.5,0.0,0.0,0.0,324.0,23.1,0.0,0.0,0.0,0.0
ghost&dark_rock&dark,0.0,0.0,0.0,-48.7,0.0,0.0,0.0,0.0,0.0,0.0,0.0,0.0,0.0,0.0,0.0,0.0,-63.4,0.0,0.0,0.0,0.0,0.0,0.0,0.0,0.0,0.0,0.0,0.0,0.0,0.0,-33.8,-15.6
rock&flying_bug&fighting,0.0,0.0,0.0,44.5,0.0,0.0,0.0,0.0,0.0,0.0,0.0,-23.8,256.4,0.0,0.0,0.0,0.0,0.0,0.0,0.0,0.0,0.0,0.0,0.0,0.0,0.0,0.0,0.0,0.0,0.0,0.0,0.0
rock&dark_fighting,0.0,0.0,0.0,0.0,0.0,0.0,0.0,-80.3,-3.1,7.8,85.2,0.0,0.0,0.0,0.0,0.0,0.0,0.0,0.0,0.0,0.0,0.0,0.0,0.0,0.0,0.0,0.0,0.0,0.0,0.0,0.0,0.0
dark&ice_rock&dark,0.0,0.0,0.0,-37.7,0.0,0.0,0.0,0.0,0.0,0.0,5.7,0.0,0.0,0.0,0.0,0.0,0.0,-29.5,0.0,0.0,-41.8,0.0,0.0,-33.9,0.0,0.0,0.0,-19.9,0.0,0.0,0.0,0.0
dark&ice_ice&ground,0.0,0.0,0.0,-31.2,0.0,0.0,0.0,0.0,0.0,0.0,-72.9,0.0,0.0,0.0,0.0,0.0,0.0,-13.6,0.0,0.0,-21.8,0.0,0.0,-21.8,0.0,0.0,0.0,-36.4,0.0,0.0,0.0,0.0
ground&psychic_ice&ground,0.0,0.0,0.0,0.0,0.0,0.0,0.0,0.0,0.0,0.0,0.0,0.0,0.0,0.0,0.0,0.0,0.0,-8.6,0.0,0.0,0.0,0.0,-16.2,0.0,0.0,0.0,0.0,0.0,102.1,0.0,0.0,0.0
ground&psychic_water&dragon,0.0,0.0,0.0,0.0,0.0,0.0,0.0,0.0,0.0,0.0,0.0,0.0,0.0,0.0,0.0,0.0,0.0,-41.1,0.0,0.0,0.0,0.0,-17.1,0.0,0.0,0.0,0.0,0.0,21.1,0.0,0.0,0.0
steel_ice&ground,0.0,0.0,0.0,0.0,0.0,0.0,0.0,0.0,0.0,0.0,0.0,0.0,0.0,0.0,0.0,0.0,0.0,-58.9,-58.0,0.0,0.0,0.0,-81.9,-79.2,0.0,0.0,0.0,0.0,0.0,0.0,0.0,0.0
ice&ground_ice&ground,0.0,0.0,0.0,0.0,0.0,0.0,0.0,0.0,0.0,0.0,0.0,0.0,0.0,0.0,0.0,0.0,0.0,-106.7,0.0,0.0,0.0,-16.9,-77.6,-50.6,0.0,0.0,0.0,0.0,0.0,0.0,0.0,0.0
fire&flying_rock&flying,0.0,0.0,0.0,-4.7,0.0,0.0,0.0,-38.6,0.0,0.0,0.0,12.4,0.0,0.0,0.0,0.0,0.0,3.0,-50.7,0.0,0.0,0.0,0.0,0.0,0.0,0.0,0.0,0.0,0.0,0.0,0.0,0.0
ghost&dark_water&dragon,0.0,0.0,0.0,-20.3,0.0,0.0,0.0,0.0,0.0,0.0,0.0,0.0,0.0,0.0,0.0,0.0,-49.7,0.0,0.0,0.0,0.0,0.0,0.0,0.0,0.0,0.0,0.0,0.0,0.0,0.0,-68.2,-44.5
ghost&dark_grass,0.0,0.0,0.0,-43.1,0.0,0.0,0.0,0.0,0.0,0.0,-6.3,0.0,0.0,0.0,0.0,0.0,-22.2,0.0,0.0,0.0,0.0,0.0,0.0,0.0,0.0,0.0,0.0,0.0,0.0,0.0,-31.6,-50.1
psychic_water&dragon,0.0,0.0,0.0,0.0,0.0,0.0,0.0,0.0,0.0,0.0,0.0,0.0,0.0,0.0,0.0,0.0,0.0,0.0,0.0,0.0,0.0,0.0,-1.4,0.0,0.0,0.0,157.6,0.0,0.0,0.0,0.0,0.0
ground&psychic_bug&fighting,0.0,0.0,0.0,0.0,0.0,0.0,0.0,0.0,0.0,0.0,0.0,0.0,0.0,0.0,0.0,0.0,0.0,-43.7,0.0,0.0,0.0,0.0,-32.4,0.0,0.0,0.0,0.0,0.0,-42.1,0.0,0.0,0.0
ground&psychic_normal&flying,0.0,0.0,0.0,0.0,-11.7,0.0,0.0,0.0,0.0,0.0,0.0,0.0,0.0,0.0,0.0,0.0,0.0,-17.8,0.0,0.0,0.0,0.0,-41.4,0.0,0.0,0.0,-9.8,0.0,-64.9,0.0,0.0,0.0
psychic&grass_normal&flying,0.0,0.0,100.1,0.0,0.0,0.0,28.9,0.0,0.0,0.0,0.0,0.0,0.0,0.0,0.0,0.0,128.5,0.0,0.0,0.0,0.0,0.0,0.0,0.0,0.0,0.0,302.2,0.0,0.0,0.0,0.0,0.0
dark&ice_normal&flying,0.0,0.0,0.0,-21.0,0.0,0.0,0.0,0.0,0.0,0.0,-16.1,0.0,0.0,0.0,0.0,0.0,0.0,-91.7,0.0,0.0,-35.8,0.0,0.0,128.7,0.0,0.0,0.0,-42.3,0.0,0.0,0.0,0.0
dark_bug&fighting,0.0,0.0,0.0,-121.6,0.0,0.0,0.0,0.0,0.0,0.0,0.0,0.0,0.0,0.0,0.0,0.0,0.0,0.0,0.0,0.0,0.0,0.0,0.0,0.0,0.0,0.0,0.0,0.0,0.0,0.0,0.0,0.0
psychic&grass_bug&fighting,0.0,0.0,46.3,0.0,0.0,0.0,0.0,0.0,0.0,0.0,0.0,0.0,0.0,0.0,0.0,0.0,0.0,0.0,0.0,0.0,0.0,0.0,0.0,0.0,0.0,0.0,450.7,0.0,0.0,0.0,0.0,0.0
bug&fighting_ghost&dark,0.0,0.0,0.0,-12.7,0.0,0.0,0.0,0.0,0.0,0.0,-31.5,0.0,0.0,0.0,0.0,0.0,0.0,16.2,0.0,0.0,0.0,0.0,0.0,0.0,0.0,0.0,158.2,0.0,0.0,0.0,0.0,0.0
normal&flying_rock&dark,0.0,0.0,0.0,10.4,0.0,0.0,0.0,0.0,0.0,0.0,0.0,0.0,0.0,0.0,0.0,0.0,0.0,0.0,0.0,0.0,0.0,0.0,0.0,0.0,0.0,68.4,0.0,0.0,0.0,191.4,0.0,0.0
steel_water,0.0,0.0,0.0,0.0,0.0,0.0,0.0,-1.8,0.0,0.0,0.0,-5.7,0.0,0.0,0.0,0.0,0.0,-46.2,-64.9,0.0,0.0,0.0,-14.6,-20.3,0.0,0.0,0.0,0.0,0.0,0.0,0.0,0.0
grass&fighting_rock&dark,0.0,0.0,0.0,-39.7,0.0,0.0,0.0,0.0,0.0,0.0,26.2,0.0,0.0,0.0,0.0,0.0,0.0,0.0,0.0,-8.6,0.0,0.0,0.0,0.0,0.0,0.0,0.0,0.0,0.0,0.0,0.0,0.0
ghost&dark_psychic&fighting,0.0,0.0,0.0,-3.2,0.0,0.0,0.0,0.0,0.0,0.0,0.0,0.0,0.0,0.0,0.0,0.0,69.8,0.0,0.0,0.0,0.0,0.0,0.0,0.0,0.0,0.0,0.0,0.0,0.0,0.0,114.5,0.0
grass_bug&fighting,0.0,0.0,0.0,0.0,0.0,0.0,-33.8,0.0,0.0,0.0,0.0,0.0,0.0,0.0,0.0,0.0,0.0,0.0,0.0,-26.4,-43.1,-30.9,0.0,0.0,0.0,0.0,0.0,0.0,0.0,0.0,0.0,0.0
psychic&fighting_water,0.0,0.0,0.0,0.0,0.0,0.0,0.0,0.0,0.0,0.0,38.4,0.0,42.3,0.0,0.0,102.7,6.6,-1.9,0.0,0.0,0.0,0.0,0.0,0.0,0.0,0.0,0.0,0.0,0.0,0.0,0.0,0.0
steel_normal,0.0,0.0,0.0,0.0,0.0,0.0,0.0,0.0,0.0,0.0,0.0,0.0,0.0,0.0,0.0,0.0,0.0,287.6,49.0,0.0,0.0,0.0,-21.2,47.3,0.0,0.0,0.0,0.0,0.0,0.0,0.0,0.0
psychic&fighting_normal&flying,0.0,0.0,0.0,0.0,0.0,0.0,0.0,0.0,0.0,0.0,28.9,0.0,-39.2,0.0,0.0,127.3,-18.6,0.0,0.0,0.0,0.0,0.0,0.0,0.0,0.0,0.0,0.0,0.0,0.0,0.0,0.0,0.0
dark&ice_psychic&fighting,0.0,0.0,0.0,-49.1,0.0,0.0,0.0,0.0,0.0,0.0,-48.1,0.0,0.0,0.0,0.0,0.0,0.0,-27.2,0.0,0.0,-48.1,0.0,0.0,-3.8,0.0,0.0,0.0,-32.5,0.0,0.0,0.0,0.0
poison&flying_rock&dark,0.0,0.0,0.0,0.0,0.0,0.0,0.0,0.0,0.0,0.0,0.0,15.7,0.0,0.0,0.0,0.0,0.0,-0.4,0.0,0.0,0.0,0.0,0.0,0.0,0.0,0.0,310.8,35.2,0.0,0.0,0.0,0.0
rock&flying_fire&flying,0.0,0.0,0.0,-14.3,0.0,0.0,0.0,0.0,0.0,0.0,0.0,9.1,-1.0,0.0,0.0,0.0,0.0,0.0,0.0,0.0,0.0,0.0,0.0,0.0,0.0,0.0,0.0,0.0,0.0,0.0,0.0,0.0
ghost&dark_ice&ground,0.0,0.0,0.0,-89.6,0.0,0.0,0.0,0.0,0.0,0.0,0.0,0.0,0.0,0.0,0.0,0.0,-103.9,0.0,0.0,0.0,0.0,0.0,0.0,0.0,0.0,0.0,0.0,0.0,0.0,0.0,-95.6,-80.6
psychic_ice&ground,0.0,0.0,0.0,0.0,0.0,0.0,0.0,0.0,0.0,0.0,0.0,0.0,0.0,0.0,0.0,0.0,0.0,657.3,0.0,0.0,0.0,0.0,0.0,0.0,0.0,0.0,0.0,9.5,0.0,0.0,0.0,0.0
water&poison_grass,-32.2,0.0,0.0,-59.2,0.0,0.0,0.0,0.0,0.0,0.0,0.0,0.0,0.0,-40.1,-47.1,0.0,0.0,0.0,0.0,0.0,0.0,0.0,0.0,0.0,0.0,0.0,0.0,0.0,0.0,0.0,0.0,0.0
water&dragon_ice&ground,110.9,0.0,0.0,0.0,0.0,0.0,0.0,0.0,0.0,0.0,0.0,0.0,0.0,0.0,0.0,0.0,0.0,-12.5,0.0,0.0,0.0,0.0,0.0,0.0,-36.0,0.0,0.0,0.0,0.0,0.0,0.0,0.0
bug&fighting_grass,0.0,0.0,0.0,2.5,0.0,0.0,0.0,0.0,0.0,0.0,-3.0,0.0,0.0,0.0,0.0,0.0,0.0,9.7,0.0,0.0,0.0,0.0,0.0,0.0,0.0,0.0,181.3,0.0,0.0,0.0,0.0,0.0
bug&fighting_steel,0.0,0.0,0.0,0.0,0.0,0.0,0.0,0.0,0.0,0.0,152.4,0.0,0.0,0.0,0.0,0.0,0.0,-9.3,0.0,0.0,0.0,0.0,0.0,0.0,0.0,0.0,-19.1,0.0,0.0,0.0,0.0,0.0
rock&dark_rock&flying,0.0,0.0,0.0,0.0,-29.1,0.0,0.0,-104.6,-116.5,-66.8,-99.0,0.0,0.0,0.0,0.0,0.0,0.0,0.0,0.0,0.0,0.0,0.0,0.0,0.0,0.0,0.0,0.0,0.0,0.0,0.0,0.0,0.0
psychic_ghost&dark,0.0,0.0,0.0,0.0,0.0,0.0,0.0,0.0,0.0,0.0,0.0,0.0,0.0,0.0,0.0,0.0,0.0,-12.6,0.0,0.0,0.0,0.0,0.0,0.0,0.0,0.0,267.1,-13.2,0.0,0.0,0.0,0.0
ice&ground_steel&psychic,0.0,0.0,0.0,0.0,0.0,0.0,0.0,0.0,0.0,0.0,0.0,0.0,0.0,0.0,0.0,0.0,0.0,14.8,0.0,0.0,0.0,221.1,19.7,48.5,0.0,0.0,0.0,0.0,0.0,0.0,0.0,0.0
steel_psychic&fighting,0.0,0.0,0.0,0.0,0.0,0.0,0.0,0.0,0.0,0.0,0.0,0.0,0.0,0.0,0.0,0.0,0.0,-13.1,-19.4,0.0,0.0,0.0,0.0,10.4,0.0,0.0,0.0,0.0,0.0,0.0,0.0,0.0
bug&fighting_ground&psychic,0.0,0.0,0.0,-25.6,0.0,0.0,0.0,0.0,0.0,0.0,-15.2,0.0,0.0,0.0,0.0,0.0,0.0,-13.1,0.0,0.0,0.0,0.0,0.0,0.0,0.0,0.0,79.5,0.0,0.0,0.0,0.0,0.0
water&poison_steel,-52.0,0.0,0.0,-14.4,0.0,0.0,0.0,0.0,0.0,0.0,0.0,0.0,0.0,-0.2,-55.7,0.0,0.0,0.0,0.0,0.0,0.0,0.0,0.0,0.0,0.0,0.0,0.0,0.0,0.0,0.0,0.0,0.0
rock&flying_rock&flying,-12.8,0.0,0.0,-48.1,0.0,0.0,0.0,0.0,0.0,0.0,0.0,-10.2,-53.7,0.0,0.0,0.0,0.0,0.0,0.0,0.0,0.0,0.0,0.0,0.0,0.0,0.0,0.0,0.0,0.0,0.0,0.0,0.0
bug&fighting_water,0.0,0.0,0.0,-5.4,0.0,0.0,0.0,0.0,0.0,0.0,30.9,0.0,0.0,0.0,0.0,0.0,0.0,209.6,0.0,0.0,0.0,0.0,0.0,0.0,0.0,0.0,13.9,0.0,0.0,0.0,0.0,0.0
psychic&fighting_psychic,0.0,0.0,0.0,0.0,0.0,0.0,0.0,0.0,0.0,0.0,-27.0,0.0,-2.7,0.0,0.0,0.0,-22.2,0.8,0.0,0.0,0.0,0.0,0.0,0.0,0.0,0.0,0.0,0.0,0.0,0.0,0.0,0.0
steel_fire&flying,0.0,0.0,0.0,0.0,0.0,0.0,0.0,0.0,0.0,0.0,0.0,0.0,0.0,0.0,0.0,0.0,0.0,0.2,13.0,0.0,0.0,0.0,-5.2,3.0,0.0,0.0,0.0,0.0,0.0,0.0,0.0,0.0
psychic&fighting_ground&psychic,0.0,0.0,0.0,0.0,0.0,0.0,0.0,0.0,0.0,0.0,-49.7,0.0,-61.7,0.0,0.0,-27.0,-32.8,0.0,0.0,0.0,0.0,0.0,0.0,0.0,0.0,0.0,0.0,0.0,0.0,0.0,0.0,0.0
water&poison_fire&flying,18.3,0.0,0.0,10.0,0.0,0.0,0.0,0.0,0.0,0.0,0.0,0.0,0.0,160.5,2.6,0.0,0.0,0.0,0.0,0.0,0.0,0.0,0.0,0.0,0.0,0.0,0.0,0.0,0.0,0.0,0.0,0.0
bug&fighting_psychic&fighting,0.0,0.0,0.0,-60.1,0.0,0.0,0.0,0.0,0.0,0.0,-28.0,0.0,0.0,0.0,0.0,0.0,0.0,-47.0,0.0,0.0,0.0,0.0,0.0,0.0,0.0,0.0,-32.7,0.0,0.0,0.0,0.0,0.0
psychic&grass_grass,0.0,0.0,174.6,1.5,0.0,0.0,159.9,0.0,0.0,0.0,0.0,0.0,0.0,0.0,0.0,0.0,147.5,0.0,0.0,0.0,0.0,0.0,0.0,0.0,0.0,0.0,206.5,0.0,0.0,0.0,0.0,0.0
bug&fighting_rock&dark,0.0,0.0,0.0,25.9,0.0,0.0,0.0,0.0,0.0,0.0,40.7,0.0,0.0,0.0,0.0,0.0,0.0,3.4,0.0,0.0,0.0,0.0,0.0,0.0,0.0,0.0,227.2,0.0,0.0,0.0,0.0,0.0
bug&fighting_fire&flying,0.0,0.0,0.0,-45.1,0.0,0.0,0.0,0.0,0.0,0.0,0.8,0.0,0.0,0.0,0.0,0.0,0.0,-22.6,0.0,0.0,0.0,0.0,0.0,0.0,0.0,0.0,-17.3,0.0,0.0,0.0,0.0,0.0
bug&fighting_psychic,0.0,0.0,0.0,-16.7,0.0,0.0,0.0,0.0,0.0,0.0,-21.5,0.0,0.0,0.0,0.0,0.0,0.0,-43.3,0.0,0.0,0.0,0.0,0.0,0.0,0.0,0.0,-54.4,0.0,0.0,0.0,0.0,0.0
fighting_psychic&fighting,0.0,0.0,0.0,-40.9,0.0,0.0,0.0,0.0,0.0,0.0,-35.7,0.0,0.0,0.0,0.0,0.0,-78.6,0.0,0.0,0.0,-83.1,0.0,0.0,0.0,0.0,0.0,0.0,0.0,0.0,0.0,0.0,0.0
water&dragon_ground&psychic,84.6,0.0,0.0,0.0,0.0,0.0,0.0,0.0,0.0,0.0,0.0,0.0,0.0,0.0,0.0,0.0,0.0,0.0,0.0,0.0,0.0,0.0,0.0,0.0,-17.8,0.0,0.0,0.0,0.0,0.0,0.0,0.0
steel_psychic&grass,0.0,0.0,0.0,0.0,0.0,0.0,0.0,0.0,0.0,0.0,0.0,0.0,0.0,0.0,0.0,0.0,0.0,22.2,0.0,0.0,0.0,0.0,-4.0,0.0,0.0,0.0,0.0,0.0,0.0,0.0,0.0,0.0
steel_poison&flying,0.0,0.0,0.0,0.0,0.0,0.0,0.0,0.0,0.0,0.0,0.0,-5.9,0.0,0.0,0.0,0.0,0.0,13.3,-22.4,0.0,0.0,0.0,1.4,-6.3,0.0,0.0,0.0,0.0,0.0,0.0,0.0,0.0
fighting_grass&fighting,0.0,0.0,0.0,20.8,0.0,0.0,0.0,0.0,0.0,0.0,164.2,0.0,0.0,0.0,0.0,0.0,166.1,0.0,0.0,0.0,264.8,0.0,0.0,0.0,0.0,0.0,0.0,0.0,0.0,0.0,0.0,0.0
fighting_psychic,0.0,0.0,0.0,-53.6,0.0,0.0,0.0,0.0,0.0,0.0,-105.8,0.0,0.0,-4.4,0.0,0.0,-25.0,0.0,0.0,0.0,-104.8,0.0,0.0,0.0,0.0,0.0,0.0,0.0,0.0,0.0,0.0,0.0
fighting_normal,0.0,0.0,0.0,74.3,0.0,0.0,0.0,0.0,0.0,0.0,163.5,0.0,0.0,0.0,0.0,0.0,172.8,0.0,0.0,0.0,132.6,0.0,0.0,0.0,0.0,0.0,0.0,0.0,0.0,0.0,0.0,0.0
ground&psychic_psychic&fighting,0.0,0.0,0.0,0.0,0.0,0.0,0.0,0.0,0.0,0.0,0.0,0.0,0.0,0.0,0.0,0.0,0.0,-8.3,0.0,0.0,0.0,0.0,-17.4,0.0,0.0,0.0,0.0,0.0,-6.6,0.0,0.0,0.0
psychic_grass&fighting,0.0,0.0,0.0,0.0,0.0,0.0,0.0,0.0,0.0,0.0,0.0,0.0,0.0,0.0,0.0,0.0,0.0,4.9,0.0,0.0,0.0,0.0,0.0,0.0,0.0,0.0,144.5,0.0,0.0,0.0,0.0,0.0
ice&ground_steel,0.0,0.0,0.0,0.0,0.0,0.0,0.0,0.0,0.0,0.0,0.0,0.0,0.0,0.0,0.0,0.0,0.0,-24.7,0.0,0.0,0.0,34.8,-37.4,-11.1,0.0,0.0,0.0,0.0,0.0,0.0,0.0,0.0
steel_dark,0.0,0.0,0.0,0.0,0.0,0.0,0.0,41.4,0.0,0.0,0.0,0.0,0.0,0.0,0.0,0.0,0.0,34.7,99.8,0.0,37.7,34.6,0.0,17.8,0.0,0.0,0.0,0.0,0.0,0.0,0.0,0.0
ghost&dark_psychic,0.0,0.0,0.0,-13.7,0.0,0.0,0.0,0.0,0.0,0.0,0.0,0.0,0.0,0.0,0.0,0.0,-21.1,0.0,0.0,0.0,0.0,0.0,0.0,0.0,0.0,0.0,0.0,0.0,0.0,0.0,-0.3,-13.1
ghost&dark_steel,0.0,0.0,0.0,-22.3,0.0,0.0,0.0,0.0,0.0,0.0,0.0,0.0,0.0,0.0,0.0,0.0,-41.8,0.0,0.0,0.0,0.0,0.0,0.0,0.0,0.0,0.0,0.0,0.0,0.0,0.0,-41.8,46.5
ice&ground_grass,0.0,0.0,0.0,0.0,0.0,0.0,0.0,0.0,0.0,0.0,0.0,0.0,0.0,0.0,0.0,0.0,0.0,-27.5,0.0,0.0,0.0,-11.6,-33.8,-10.1,0.0,0.0,0.0,0.0,0.0,0.0,0.0,0.0
psychic&fighting_steel,0.0,0.0,0.0,0.0,0.0,0.0,0.0,0.0,0.0,0.0,-10.8,0.0,-40.8,0.0,0.0,-17.8,2.5,0.0,0.0,0.0,0.0,0.0,0.0,0.0,0.0,0.0,0.0,0.0,0.0,0.0,0.0,0.0
grass_grass&fighting,0.0,0.0,0.0,0.0,0.0,0.0,-3.7,0.0,0.0,0.0,0.0,0.0,0.0,0.0,0.0,0.0,0.0,0.0,0.0,-22.1,-7.7,91.0,0.0,0.0,0.0,0.0,0.0,0.0,0.0,0.0,0.0,0.0
water&dragon_grass&fighting,-20.1,0.0,0.0,0.0,0.0,0.0,0.0,0.0,0.0,0.0,0.0,0.0,0.0,0.0,0.0,0.0,0.0,-0.1,0.0,0.0,0.0,0.0,0.0,0.0,27.6,0.0,0.0,0.0,0.0,0.0,0.0,0.0
steel_grass&fighting,0.0,0.0,0.0,0.0,0.0,0.0,0.0,0.0,0.0,0.0,0.0,0.0,0.0,0.0,0.0,0.0,0.0,-8.5,29.1,0.0,0.0,0.0,0.0,-10.9,0.0,0.0,0.0,0.0,0.0,0.0,0.0,0.0
ice&ground_grass&fighting,0.0,0.0,0.0,0.0,0.0,0.0,0.0,0.0,0.0,0.0,0.0,0.0,0.0,0.0,0.0,0.0,0.0,0.0,0.0,0.0,0.0,-21.6,0.8,5.5,0.0,0.0,0.0,0.0,0.0,0.0,0.0,0.0
fighting_fire&flying,0.0,0.0,0.0,52.2,0.0,0.0,0.0,0.0,0.0,0.0,25.8,0.0,0.0,0.0,0.0,0.0,156.0,0.0,0.0,0.0,80.9,0.0,0.0,0.0,0.0,0.0,0.0,0.0,0.0,0.0,0.0,0.0
ice&ground_psychic,0.0,0.0,0.0,0.0,0.0,0.0,0.0,0.0,0.0,0.0,0.0,0.0,0.0,0.0,0.0,0.0,0.0,-43.1,0.0,0.0,0.0,0.0,0.0,-11.1,0.0,0.0,0.0,0.0,0.0,0.0,0.0,0.0
grass_ground&psychic,0.0,0.0,0.0,0.0,0.0,0.0,-4.5,0.0,0.0,0.0,0.0,0.0,0.0,0.0,0.0,0.0,0.0,0.0,0.0,-1.7,-28.3,-15.0,0.0,0.0,0.0,0.0,0.0,0.0,0.0,0.0,0.0,0.0
steel_ground&psychic,0.0,0.0,0.0,0.0,0.0,0.0,0.0,0.0,0.0,0.0,0.0,0.0,0.0,0.0,0.0,0.0,0.0,0.0,0.0,0.0,0.0,0.0,0.0,0.0,0.0,0.0,0.0,0.0,0.0,0.0,0.0,0.0
grass_psychic&grass,-11.6,0.0,0.0,0.0,0.0,0.0,24.7,0.0,0.0,0.0,0.0,0.0,0.0,0.0,0.0,0.0,0.0,0.0,0.0,-2.1,3.6,97.7,0.0,0.0,0.0,0.0,0.0,0.0,0.0,0.0,0.0,0.0
psychic_psychic,0.0,0.0,0.0,0.0,0.0,0.0,0.0,0.0,0.0,0.0,0.0,0.0,0.0,0.0,0.0,0.0,0.0,0.0,0.0,0.0,0.0,0.0,0.0,0.0,0.0,0.0,0.0,0.0,0.0,0.0,0.0,0.0
psychic_steel,0.0,0.0,0.0,0.0,0.0,0.0,0.0,0.0,0.0,0.0,0.0,0.0,0.0,0.0,0.0,0.0,0.0,34.0,0.0,0.0,0.0,0.0,0.0,0.0,0.0,0.0,13.6,0.0,0.0,0.0,0.0,0.0
