,STEEL_PHYSICAL,GROUND_PHYSICAL,NORMAL_PHYSICAL,PSYCHIC_STATUS,NORMAL_STATUS,FIGHTING_PHYSICAL,DARK_PHYSICAL,FLYING_SPECIAL,ELECTRIC_STATUS,WATER_PHYSICAL,POISON_PHYSICAL,WATER_SPECIAL,BUG_PHYSICAL,DARK_STATUS,ICE_PHYSICAL,GRASS_SPECIAL,DARK_SPECIAL,FLYING_STATUS,ROCK_STATUS,GROUND_SPECIAL,DRAGON_SPECIAL,FIRE_SPECIAL,POISON_STATUS,GRASS_STATUS,PSYCHIC_SPECIAL,ICE_STATUS,PSYCHIC_PHYSICAL,ROCK_PHYSICAL,ICE_SPECIAL,ELECTRIC_SPECIAL,GHOST_SPECIAL,FIRE_STATUS
steel&psychic_water&poison,-117.8,-41.6,-31.5,-99.4,-20.8,0.0,0.0,-14.1,0.0,0.0,-12.7,0.0,-14.6,0.0,0.0,-86.7,-48.8,0.0,0.0,0.0,0.0,0.0,0.0,-15.3,-21.2,0.0,0.0,0.0,0.0,0.0,0.0,0.0
steel&psychic_rock&dark,186.4,481.2,34.5,188.7,161.5,0.0,0.0,0.0,0.0,0.0,0.0,0.0,532.6,0.0,0.0,25.7,-16.4,0.0,0.0,0.0,0.0,0.0,0.0,0.0,23.4,0.0,0.0,0.0,0.0,0.0,0.0,0.0
steel&psychic_water,-39.5,79.4,144.8,-66.4,-60.5,-45.9,0.0,0.0,0.0,1.7,0.0,0.0,251.7,0.0,-11.1,-99.8,-112.1,0.0,0.0,0.0,0.0,-8.7,0.0,0.0,-89.4,0.0,0.0,0.0,0.0,-8.1,-52.5,0.0
steel&psychic_psychic&fighting,-146.2,-101.6,-18.2,-181.8,-187.7,0.0,0.0,0.0,0.0,0.0,0.0,0.0,-161.5,0.0,0.0,-148.7,-158.6,0.0,0.0,0.0,0.0,0.0,0.0,0.0,-140.2,0.0,0.0,0.0,0.0,0.0,0.0,0.0
fighting_psychic&fighting,0.0,0.0,0.0,-116.2,-100.5,-50.6,-108.8,0.0,0.0,0.0,0.0,0.0,0.0,0.0,0.0,0.0,0.0,0.0,0.0,0.0,0.0,0.0,0.0,0.0,0.0,0.0,0.0,0.0,0.0,0.0,0.0,0.0
fighting_steel&psychic,0.0,0.0,-66.1,-151.1,-143.6,12.3,-142.0,-6.5,0.9,-26.6,-3.4,0.0,-5.3,0.0,0.0,0.0,0.0,0.0,0.0,0.0,0.0,0.0,0.0,0.0,0.0,0.0,0.0,0.0,0.0,0.0,0.0,0.0
normal&flying_steel&psychic,0.0,0.0,266.9,0.0,229.3,0.0,0.0,247.3,249.6,0.0,0.0,0.0,0.0,0.0,0.0,0.0,0.0,0.0,0.0,0.0,0.0,0.0,0.0,0.0,0.0,0.0,0.0,0.0,0.0,0.0,0.0,0.0
water_steel&psychic,0.0,0.0,56.8,-5.1,38.2,0.0,0.0,0.0,0.0,141.2,0.0,-7.7,0.0,0.0,0.0,0.0,41.3,0.0,0.0,0.0,0.0,0.0,0.0,0.0,0.0,12.6,0.0,-4.5,0.0,-6.1,0.0,0.0
water_rock&flying,0.0,0.0,-49.2,0.0,-25.0,0.0,0.0,0.0,-15.0,103.7,-22.9,-22.8,-16.4,0.0,0.0,0.0,-33.3,0.0,0.0,0.0,0.0,0.0,0.0,0.0,0.0,26.9,0.0,0.0,0.0,0.0,0.0,0.0
steel&psychic_water&dragon,-100.2,-65.1,-84.0,-96.6,-93.4,0.0,0.0,0.0,0.0,0.0,0.0,0.0,-66.3,0.0,0.0,-96.6,-73.7,0.0,0.0,0.0,0.0,0.0,0.0,0.0,-53.8,0.0,0.0,0.0,0.0,0.0,0.0,0.0
steel&psychic_fire&flying,177.5,57.1,137.8,226.2,135.0,0.0,0.0,0.0,0.0,0.0,0.0,0.0,294.1,0.0,0.0,75.3,58.5,0.0,0.0,0.0,0.0,0.0,0.0,0.0,-39.0,0.0,0.0,0.0,0.0,0.0,0.0,0.0
steel&psychic_steel,92.7,214.2,18.7,134.8,10.4,0.0,0.0,0.0,0.0,0.0,0.0,0.0,17.1,0.0,0.0,49.5,119.9,0.0,0.0,0.0,0.0,0.0,0.0,0.0,-6.7,0.0,0.0,0.0,0.0,0.0,0.0,0.0
steel&psychic_grass,165.9,122.9,280.9,47.0,-13.9,0.0,0.0,0.0,0.0,0.0,0.0,0.0,256.5,0.0,0.0,35.0,126.2,0.0,0.0,0.0,0.0,0.0,0.0,0.0,17.9,0.0,0.0,0.0,0.0,0.0,0.0,0.0
steel&psychic_normal,256.5,399.4,632.9,350.6,398.5,0.0,0.0,0.0,0.0,0.0,0.0,0.0,416.2,0.0,0.0,289.9,259.8,0.0,0.0,0.0,0.0,0.0,0.0,0.0,238.3,0.0,0.0,0.0,0.0,0.0,0.0,0.0
steel&psychic_ice&ground,-90.4,-131.8,-82.1,-248.4,-263.6,0.0,0.0,0.0,0.0,0.0,0.0,0.0,-258.0,0.0,0.0,-197.5,-183.1,0.0,0.0,0.0,0.0,0.0,0.0,0.0,-139.0,0.0,0.0,0.0,0.0,0.0,0.0,0.0
water&poison_normal,0.0,0.0,0.0,0.0,66.4,0.0,0.0,0.0,0.0,70.8,130.3,67.1,0.0,0.0,0.0,0.0,0.0,0.0,0.0,0.0,0.0,0.0,0.0,0.0,0.0,0.0,0.0,0.0,0.0,0.0,0.0,0.0
water&poison_steel,0.0,0.0,0.0,0.0,-90.1,0.0,0.0,0.0,0.0,-70.0,-66.8,-56.8,0.0,0.0,0.0,0.0,0.0,0.0,0.0,0.0,0.0,0.0,0.0,0.0,0.0,0.0,0.0,0.0,0.0,0.0,0.0,0.0
normal&flying_normal,0.0,0.0,78.5,0.0,647.3,0.0,0.0,667.2,699.3,0.0,0.0,0.0,0.0,0.0,0.0,0.0,0.0,0.0,0.0,0.0,0.0,0.0,0.0,0.0,0.0,0.0,0.0,0.0,0.0,0.0,0.0,0.0
normal&flying_grass,0.0,0.0,0.0,0.0,196.0,0.0,0.0,739.8,133.5,0.0,0.0,0.0,0.0,0.0,0.0,0.0,0.0,0.0,0.0,0.0,0.0,0.0,0.0,0.0,0.0,0.0,0.0,0.0,0.0,0.0,0.0,0.0
normal&flying_fire&flying,0.0,0.0,0.0,0.0,294.6,0.0,0.0,374.0,128.9,0.0,0.0,0.0,0.0,0.0,0.0,0.0,0.0,0.0,0.0,0.0,0.0,0.0,0.0,0.0,0.0,0.0,0.0,0.0,0.0,0.0,0.0,0.0
normal&flying_water&dragon,0.0,0.0,0.0,0.0,4.4,0.0,0.0,56.7,98.2,0.0,0.0,0.0,0.0,0.0,0.0,0.0,0.0,0.0,0.0,0.0,0.0,0.0,0.0,0.0,0.0,0.0,0.0,0.0,0.0,0.0,0.0,0.0
fighting_fire&flying,0.0,0.0,0.0,-15.2,-57.8,7.2,-61.4,0.0,0.0,0.0,0.0,0.0,0.0,0.0,0.0,0.0,0.0,0.0,0.0,0.0,0.0,0.0,0.0,0.0,0.0,0.0,0.0,0.0,0.0,0.0,0.0,0.0
fighting_normal,0.0,0.0,0.0,214.6,54.6,395.2,42.7,0.0,0.0,0.0,0.0,0.0,0.0,0.0,0.0,0.0,0.0,0.0,0.0,0.0,0.0,0.0,0.0,0.0,0.0,0.0,0.0,0.0,0.0,0.0,0.0,0.0
bug&fighting_fire&flying,0.0,0.0,-36.8,0.0,-40.7,-43.6,0.0,0.0,0.0,0.0,0.0,0.0,-37.8,0.0,0.0,0.0,0.0,0.0,0.0,0.0,0.0,0.0,0.0,0.0,0.0,0.0,0.0,0.0,0.0,0.0,0.0,0.0
ground&psychic_water&dragon,0.0,0.0,-200.5,0.0,0.0,0.0,0.0,0.0,0.0,0.0,0.0,0.0,0.0,0.0,0.0,0.0,0.0,0.0,-140.8,-19.7,0.0,0.0,0.0,0.0,0.0,0.0,0.0,0.0,0.0,0.0,0.0,0.0
dark_ice&ground,0.0,0.0,0.0,0.0,-38.2,0.0,0.0,0.0,0.0,0.0,0.0,0.0,-18.9,0.0,0.0,0.0,0.8,0.0,0.0,0.0,0.0,0.0,0.0,0.0,0.0,0.0,0.0,0.0,0.0,0.0,0.0,0.0
dark&ice_ice&ground,0.0,0.0,-64.2,0.0,-94.3,-109.2,-84.3,0.0,0.0,0.0,0.0,0.0,0.0,-72.8,-40.1,0.0,0.0,0.0,0.0,0.0,0.0,0.0,0.0,0.0,0.0,0.0,0.0,0.0,0.0,0.0,0.0,0.0
psychic&grass_ice&ground,0.0,0.0,0.0,126.3,0.0,0.0,0.0,0.0,0.0,0.0,0.0,0.0,127.9,0.0,0.0,88.2,267.3,0.0,0.0,0.0,0.0,0.0,0.0,0.0,0.0,0.0,0.0,0.0,0.0,0.0,0.0,0.0
psychic&grass_grass,0.0,0.0,0.0,104.7,215.2,0.0,0.0,0.0,0.0,0.0,0.0,0.0,184.3,0.0,0.0,111.9,96.5,0.0,0.0,0.0,0.0,0.0,0.0,0.0,0.0,0.0,0.0,0.0,0.0,0.0,0.0,0.0
poison&flying_grass,0.0,0.0,140.8,0.0,184.5,0.0,0.0,0.0,0.0,0.0,0.0,0.0,206.4,124.8,0.0,0.0,0.0,94.4,0.0,0.0,0.0,0.0,0.0,0.0,0.0,0.0,0.0,0.0,0.0,0.0,0.0,0.0
psychic&grass_fire&flying,0.0,0.0,0.0,199.9,0.0,0.0,0.0,0.0,0.0,0.0,0.0,0.0,235.9,0.0,0.0,120.1,97.2,0.0,0.0,0.0,0.0,0.0,0.0,0.0,0.0,0.0,0.0,0.0,0.0,0.0,0.0,0.0
poison&flying_fire&flying,0.0,0.0,146.4,0.0,63.3,0.0,0.0,0.0,0.0,0.0,0.0,0.0,216.3,101.0,0.0,0.0,0.0,154.7,0.0,0.0,0.0,0.0,0.0,0.0,0.0,0.0,0.0,0.0,0.0,0.0,0.0,0.0
ground&psychic_ground&psychic,0.0,0.0,89.3,0.0,0.0,0.0,0.0,0.0,0.0,0.0,0.0,0.0,0.0,0.0,0.0,0.0,0.0,0.0,-9.6,-7.6,0.0,0.0,0.0,0.0,0.0,0.0,0.0,0.0,0.0,0.0,0.0,0.0
ground&psychic_dark&ice,0.0,0.0,-80.1,0.0,0.0,0.0,0.0,0.0,0.0,0.0,0.0,0.0,0.0,0.0,0.0,0.0,0.0,0.0,-37.1,-41.8,0.0,0.0,0.0,0.0,0.0,0.0,0.0,0.0,0.0,0.0,0.0,0.0
steel&psychic_dark,421.0,446.4,48.8,98.4,50.3,41.6,0.0,0.0,0.0,89.1,0.0,85.3,427.9,0.0,0.0,175.0,117.6,0.0,0.0,0.0,0.0,104.9,0.0,0.0,187.4,55.9,0.0,215.4,164.4,0.0,0.0,0.0
steel&psychic_steel&psychic,59.6,129.9,119.3,73.3,227.3,0.0,-11.8,0.0,0.0,0.0,0.0,-3.2,111.1,0.0,0.0,-13.6,-14.2,-4.6,0.0,0.0,0.0,0.0,0.0,0.0,35.0,0.0,0.0,4.8,0.0,0.0,0.0,0.0
poison&flying_ground&psychic,0.0,0.0,49.7,0.0,0.0,0.0,0.0,0.0,0.0,0.0,0.0,0.0,11.1,26.8,0.0,0.0,0.0,108.0,0.0,0.0,0.0,0.0,0.0,0.0,0.0,0.0,0.0,0.0,0.0,0.0,0.0,0.0
poison&flying_psychic&grass,0.0,0.0,89.6,0.0,0.0,0.0,0.0,0.0,0.0,0.0,0.0,0.0,544.8,-3.7,0.0,0.0,0.0,5.2,0.0,0.0,0.0,0.0,0.0,0.0,0.0,0.0,0.0,0.0,0.0,0.0,0.0,0.0
poison&flying_dark,0.0,0.0,91.5,0.0,0.0,0.0,0.0,0.0,0.0,0.0,0.0,0.0,311.1,197.7,0.0,0.0,0.0,117.2,0.0,0.0,0.0,0.0,0.0,0.0,0.0,0.0,0.0,0.0,0.0,0.0,0.0,0.0
poison&flying_dark&ice,0.0,0.0,-112.8,26.6,0.0,0.0,0.0,0.0,0.0,0.0,0.0,0.0,-111.4,-122.7,0.0,-5.2,0.0,-7.0,0.0,0.0,0.0,0.0,0.0,0.0,0.0,0.0,0.0,0.0,0.0,0.0,0.0,0.0
poison&flying_poison&flying,0.0,0.0,49.0,0.0,-7.7,0.0,0.0,0.0,0.0,0.0,0.0,0.0,18.7,17.4,0.0,0.0,0.0,81.7,-3.0,0.0,0.0,0.0,0.0,0.0,0.0,0.0,0.0,0.0,0.0,0.0,0.0,0.0
psychic&grass_psychic&grass,0.0,0.0,0.0,91.2,0.0,0.0,0.0,0.0,0.0,0.0,0.0,0.0,296.2,0.0,0.0,54.8,73.3,0.0,0.0,0.0,0.0,0.0,0.0,0.0,0.0,0.0,0.0,0.0,0.0,0.0,0.0,0.0
psychic&grass_poison&flying,0.0,0.0,-122.6,-92.8,-56.5,0.0,0.0,0.0,0.0,0.0,0.0,0.0,-185.6,0.0,0.0,-150.5,-57.6,0.0,0.0,-25.8,0.0,0.0,0.0,0.0,0.0,0.0,0.0,0.0,0.0,0.0,0.0,0.0
dark&ice_poison&flying,0.0,0.0,-17.1,0.0,0.4,-73.5,22.6,0.0,0.0,0.0,0.0,0.0,0.0,-36.8,-11.1,0.0,0.0,0.0,0.0,0.0,0.0,0.0,0.0,0.0,0.0,0.0,0.0,0.0,0.0,0.0,0.0,0.0
dark&ice_psychic&grass,0.0,0.0,-64.8,0.0,-9.0,-33.9,7.3,0.0,0.0,0.0,0.0,0.0,0.0,-20.5,73.4,0.0,0.0,0.0,0.0,0.0,0.0,0.0,0.0,0.0,0.0,0.0,0.0,0.0,0.0,0.0,0.0,0.0
dark_poison&flying,0.0,0.0,-23.1,0.0,-51.5,0.0,0.0,0.0,0.0,0.0,0.0,0.0,-51.5,0.0,-17.7,0.0,0.0,0.0,0.0,-27.6,0.0,0.0,0.0,0.0,0.0,0.0,0.0,0.0,0.0,0.0,0.0,0.0
dark_dark,0.0,0.0,149.4,0.0,129.8,0.0,0.0,0.0,0.0,0.0,0.0,0.0,29.9,0.0,0.0,0.0,0.0,0.0,0.0,0.0,0.0,0.0,0.0,0.0,0.0,0.0,0.0,0.0,0.0,0.0,0.0,0.0
dark_psychic&grass,0.0,0.0,18.8,0.0,-55.5,0.0,0.0,0.0,0.0,0.0,0.0,0.0,-23.6,0.0,0.0,0.0,0.0,0.0,0.0,-25.6,0.0,0.0,0.0,0.0,0.0,0.0,0.0,0.0,0.0,0.0,0.0,0.0
steel&psychic_ghost&dark,157.5,183.9,24.7,154.7,174.7,0.0,0.0,0.0,0.0,0.0,0.0,0.0,257.8,0.0,0.0,28.6,64.3,0.0,0.0,0.0,0.0,0.0,0.0,0.0,3.6,0.0,0.0,0.0,0.0,0.0,0.0,0.0
bug&fighting_ghost&dark,0.0,0.0,-5.4,0.0,7.2,-0.3,0.0,0.0,0.0,0.0,0.0,0.0,135.1,0.0,0.0,0.0,0.0,0.0,0.0,0.0,0.0,0.0,0.0,0.0,0.0,0.0,0.0,0.0,0.0,0.0,0.0,0.0
fighting_ghost&dark,0.0,0.0,0.0,76.7,85.2,66.9,105.2,0.0,0.0,0.0,0.0,0.0,0.0,0.0,0.0,0.0,0.0,0.0,0.0,0.0,0.0,0.0,0.0,0.0,0.0,0.0,0.0,0.0,0.0,0.0,0.0,0.0
water&poison_ghost&dark,0.0,0.0,0.0,0.0,0.5,0.0,0.0,0.0,0.0,67.6,13.0,22.6,0.0,0.0,0.0,0.0,0.0,0.0,0.0,0.0,0.0,0.0,0.0,0.0,0.0,0.0,0.0,0.0,0.0,0.0,0.0,0.0
water&poison_steel&psychic,0.0,0.0,12.7,0.0,-55.6,0.0,0.0,0.0,0.0,-58.9,-71.0,-81.0,0.0,0.0,0.0,0.0,0.0,0.0,0.0,0.0,0.0,0.0,0.0,0.0,0.0,0.0,0.0,0.0,0.0,0.0,0.0,0.0
water&poison_dark&ice,0.0,0.0,-22.2,0.0,-134.4,0.0,0.0,0.0,0.0,-131.2,-157.1,-169.4,0.0,0.0,0.0,0.0,0.0,0.0,0.0,0.0,0.0,0.0,0.0,0.0,0.0,0.0,0.0,0.0,0.0,0.0,0.0,0.0
water_dark&ice,0.0,0.0,-15.7,0.0,24.8,20.3,0.0,0.0,0.0,51.7,0.0,37.2,0.0,0.0,0.0,0.0,15.4,0.0,0.0,0.0,0.0,0.0,0.0,0.0,0.0,9.1,0.0,0.0,0.0,0.0,0.0,0.0
water_psychic,0.0,0.0,-173.9,0.0,-171.2,0.0,0.0,0.0,0.0,-96.0,-20.9,-178.1,0.0,0.0,0.0,0.0,-174.0,0.0,0.0,0.0,0.0,0.0,0.0,0.0,0.0,-189.8,0.0,0.0,0.0,0.0,0.0,0.0
normal&flying_grass&fighting,0.0,0.0,0.0,0.0,65.6,0.0,0.0,602.2,61.3,0.0,0.0,0.0,0.0,0.0,0.0,0.0,0.0,0.0,0.0,0.0,0.0,0.0,0.0,0.0,0.0,0.0,0.0,0.0,0.0,0.0,0.0,0.0
bug&fighting_water&dragon,0.0,0.0,170.8,0.0,-17.0,17.6,0.0,0.0,0.0,0.0,0.0,0.0,24.3,0.0,0.0,0.0,0.0,0.0,0.0,0.0,0.0,0.0,0.0,0.0,0.0,0.0,0.0,0.0,0.0,0.0,0.0,0.0
water_fire&flying,0.0,0.0,28.6,0.0,17.6,0.0,0.0,0.0,0.0,142.7,0.0,30.9,0.0,0.0,0.0,0.0,17.1,0.0,0.0,0.0,0.0,0.0,0.0,0.0,0.0,8.2,0.0,0.0,0.0,0.0,0.0,0.0
water_ice&ground,0.0,0.0,-4.7,0.0,-66.5,0.0,0.0,0.0,0.0,126.7,0.0,-29.4,0.0,0.0,0.0,0.0,19.6,0.0,0.0,0.0,0.0,0.0,0.0,0.0,0.0,-67.2,0.0,0.0,0.0,0.0,0.0,0.0
water_steel,0.0,0.0,-13.4,0.0,-1.2,0.0,0.0,0.0,0.0,-22.0,0.0,-23.2,0.0,0.0,0.0,0.0,71.2,0.0,0.0,0.0,0.0,0.0,0.0,0.0,0.0,-55.5,0.0,0.0,0.0,0.0,0.0,0.0
normal&flying_ice&ground,0.0,0.0,0.0,0.0,538.8,0.0,0.0,788.1,252.8,0.0,0.0,0.0,0.0,0.0,0.0,0.0,0.0,0.0,0.0,0.0,0.0,0.0,0.0,0.0,0.0,0.0,0.0,0.0,0.0,0.0,0.0,0.0
water&poison_ice&ground,0.0,0.0,0.0,0.0,-35.7,0.0,0.0,0.0,0.0,74.0,-16.9,-5.3,0.0,0.0,0.0,0.0,0.0,0.0,0.0,0.0,0.0,0.0,0.0,0.0,0.0,0.0,0.0,0.0,0.0,0.0,0.0,0.0
water&dragon_steel&psychic,0.0,0.0,-4.3,0.0,0.0,0.0,0.0,0.0,0.0,0.0,0.0,5.2,0.0,0.0,0.0,0.0,0.0,0.0,0.0,0.0,-16.3,0.0,0.0,0.0,0.0,0.0,0.0,0.0,0.0,0.0,0.0,0.0
fire&flying_water,0.0,0.0,0.0,0.0,10.8,0.0,0.0,0.0,0.0,0.0,0.0,0.0,0.0,0.0,0.0,0.0,0.0,-22.7,0.0,0.0,-1.8,58.1,16.0,0.0,0.0,0.0,0.0,0.0,0.0,0.0,0.0,0.0
ice&ground_water,0.0,-152.0,-150.1,0.0,0.0,0.0,0.0,0.0,0.0,0.0,0.0,0.0,0.0,0.0,-132.9,0.0,0.0,0.0,-156.2,0.0,-38.1,0.0,-76.0,0.0,0.0,0.0,0.0,0.0,0.0,0.0,0.0,0.0
normal_water,0.0,0.0,32.2,0.0,106.6,189.7,0.0,0.0,199.9,0.0,0.0,13.6,0.0,0.0,0.0,0.0,0.0,0.0,12.9,0.0,0.0,59.6,138.1,98.2,0.0,0.0,0.0,0.0,0.0,0.0,0.0,0.0
normal_water&poison,0.0,0.0,22.7,0.0,372.9,221.0,0.0,0.0,184.7,0.0,0.0,0.0,0.0,0.0,0.0,0.0,0.0,0.0,0.0,0.0,0.0,229.5,237.0,190.1,0.0,0.0,0.0,0.0,0.0,0.0,0.0,0.0
normal_bug&fighting,0.0,0.0,0.0,0.0,-399.7,-365.0,0.0,0.0,-387.5,0.0,0.0,0.0,0.0,0.0,0.0,0.0,0.0,0.0,0.0,0.0,0.0,-307.0,-260.6,-369.4,0.0,0.0,0.0,0.0,0.0,0.0,0.0,0.0
grass_bug&fighting,0.0,-72.4,0.0,0.0,0.0,0.0,-61.2,0.0,0.0,0.0,0.0,0.0,0.0,0.0,0.0,-79.2,0.0,0.0,0.0,0.0,0.0,0.0,0.0,-80.8,0.0,0.0,0.0,0.0,0.0,0.0,0.0,0.0
steel_bug&fighting,0.0,0.0,-103.5,0.0,0.0,0.0,0.0,0.0,0.0,0.0,0.0,0.0,0.0,0.0,-88.5,0.0,0.0,0.0,-88.6,0.0,0.0,0.0,-52.9,0.0,0.0,0.0,0.0,0.0,0.0,0.0,0.0,0.0
water&dragon_ground&psychic,0.0,0.0,190.9,0.0,0.0,0.0,0.0,0.0,0.0,0.0,0.0,511.1,0.0,0.0,0.0,0.0,0.0,0.0,0.0,0.0,128.4,0.0,0.0,0.0,0.0,0.0,0.0,0.0,0.0,0.0,0.0,0.0
water&dragon_dark&ice,0.0,0.0,-52.3,0.0,0.0,0.0,0.0,0.0,0.0,0.0,0.0,-63.6,0.0,0.0,0.0,0.0,0.0,0.0,0.0,0.0,-95.2,0.0,0.0,0.0,0.0,0.0,0.0,0.0,0.0,0.0,0.0,0.0
water&dragon_dark,0.0,0.0,-20.7,0.0,0.0,0.0,0.0,0.0,0.0,0.0,0.0,160.0,0.0,0.0,0.0,0.0,0.0,0.0,0.0,0.0,-17.6,0.0,0.0,0.0,0.0,0.0,0.0,0.0,0.0,0.0,0.0,0.0
normal_dark,0.0,0.0,251.1,0.0,235.4,244.6,171.9,0.0,238.6,0.0,0.0,387.9,0.0,0.0,0.0,0.0,0.0,86.3,0.0,0.0,63.3,206.8,117.6,240.5,0.0,0.0,0.0,0.0,0.0,0.0,0.0,0.0
normal_poison&flying,0.0,0.0,102.4,0.0,-36.7,82.4,0.0,0.0,114.2,0.0,0.0,-27.6,0.0,0.0,0.0,0.0,0.0,0.0,0.0,0.0,0.0,50.0,-1.4,183.6,0.0,0.0,0.0,0.0,0.0,0.0,0.0,0.0
normal_psychic&grass,0.0,0.0,199.2,0.0,201.6,188.4,0.0,0.0,283.7,0.0,0.0,-11.7,0.0,0.0,0.0,0.0,0.0,0.0,0.0,0.0,0.0,342.0,163.2,280.1,0.0,0.0,0.0,0.0,0.0,0.0,0.0,0.0
normal_ground&psychic,0.0,0.0,-66.7,0.0,135.4,41.7,0.0,0.0,-72.0,0.0,0.0,0.0,0.0,0.0,0.0,0.0,0.0,0.0,0.0,0.0,0.0,-68.8,-173.9,-9.1,0.0,0.0,0.0,0.0,0.0,0.0,0.0,0.0
fire&flying_psychic&grass,0.0,0.0,13.1,0.0,0.6,0.0,0.0,0.0,0.0,0.0,0.0,0.0,0.0,0.0,4.2,12.0,0.0,-2.9,0.0,0.0,0.0,246.8,10.7,0.0,0.0,0.0,0.0,0.0,0.0,0.0,0.0,0.0
fire&flying_poison&flying,0.0,-33.5,-29.4,0.0,-89.6,-2.5,0.0,0.0,-5.5,0.0,0.0,-27.6,0.0,0.0,0.0,0.0,0.0,-100.0,0.0,0.0,0.0,-45.6,-94.9,-5.4,0.0,0.0,0.0,0.0,0.0,0.0,0.0,0.0
water&poison_water&poison,0.0,0.0,0.0,0.0,3.4,0.0,0.0,0.0,0.0,61.6,-2.4,-2.2,0.0,0.0,0.0,0.0,0.0,0.0,0.0,0.0,0.0,0.0,0.0,0.0,0.0,0.0,0.0,0.0,0.0,0.0,0.0,0.0
water&poison_water,0.0,0.0,0.0,0.0,38.1,0.0,0.0,0.0,0.0,34.9,91.1,17.3,0.0,0.0,0.0,0.0,0.0,0.0,0.0,0.0,0.0,0.0,0.0,0.0,0.0,0.0,0.0,0.0,0.0,0.0,0.0,0.0
water_water,0.0,0.0,21.8,0.0,28.9,-1.4,0.0,0.0,0.0,61.8,0.0,24.5,0.0,0.0,0.0,0.0,51.4,0.0,0.0,0.0,0.0,0.0,0.0,0.0,0.0,27.0,0.0,0.8,0.0,0.0,0.0,0.0
psychic&fighting_rock&flying,0.0,0.0,0.0,3.1,0.0,225.9,0.0,0.0,0.0,0.0,0.0,0.0,0.0,0.0,0.0,0.0,0.0,0.0,0.0,0.0,0.0,0.0,0.0,0.0,0.0,0.0,147.2,37.9,0.0,0.0,0.0,0.0
psychic&fighting_psychic&fighting,0.0,0.0,0.0,-6.5,0.0,-33.0,0.0,0.0,0.0,0.0,0.0,0.0,0.0,0.0,0.0,0.0,0.0,0.0,0.0,0.0,0.0,0.0,0.0,0.0,0.0,0.0,97.7,-17.3,0.0,0.0,0.0,0.0
rock&flying_psychic&fighting,0.0,0.0,0.0,0.0,-100.7,0.0,0.0,0.0,0.0,0.0,0.0,0.0,0.0,0.0,0.0,0.0,0.0,-106.3,0.0,0.0,0.0,0.0,0.0,0.0,0.0,0.0,0.0,-71.8,0.0,0.0,0.0,0.0
rock&dark_psychic&fighting,0.0,0.0,0.0,0.0,0.0,-241.0,0.0,0.0,0.0,0.0,0.0,0.0,0.0,0.0,0.0,0.0,0.0,0.0,0.0,0.0,0.0,-207.5,0.0,0.0,0.0,0.0,0.0,0.0,-197.6,-243.8,0.0,0.0
rock&flying_steel&psychic,0.0,0.0,207.9,0.0,121.9,0.0,0.0,0.0,0.0,0.0,0.0,0.0,0.0,0.0,0.0,0.0,0.0,169.7,0.0,0.0,0.0,0.0,0.0,0.0,0.0,0.0,0.0,174.9,0.0,0.0,0.0,0.0
rock&flying_bug&fighting,0.0,0.0,0.0,0.0,46.4,0.0,0.0,0.0,0.0,0.0,0.0,0.0,0.0,0.0,0.0,0.0,0.0,67.3,0.0,0.0,0.0,0.0,0.0,0.0,0.0,0.0,0.0,442.8,0.0,0.0,0.0,0.0
rock&flying_water&poison,0.0,0.0,0.0,0.0,246.4,0.0,0.0,0.0,0.0,0.0,0.0,0.0,0.0,0.0,0.0,0.0,0.0,8.3,0.0,0.0,0.0,0.0,0.0,0.0,0.0,0.0,0.0,640.1,0.0,0.0,0.0,0.0
rock&flying_normal&flying,0.0,0.0,0.0,0.0,135.9,0.0,0.0,0.0,0.0,0.0,0.0,0.0,0.0,0.0,0.0,0.0,0.0,111.7,0.0,0.0,0.0,0.0,0.0,0.0,0.0,27.8,0.0,548.8,0.0,0.0,0.0,0.0
rock&flying_water,0.0,0.0,1.9,0.0,89.6,0.0,0.0,0.0,0.0,0.0,0.0,0.0,0.0,0.0,0.0,0.0,0.0,82.0,0.0,0.0,0.0,0.0,0.0,0.0,0.0,0.0,0.0,371.6,0.0,0.0,0.0,0.0
water_bug&fighting,0.0,0.0,-92.0,0.0,-27.4,0.0,0.0,0.0,0.0,-64.8,0.0,-78.9,0.0,0.0,0.0,0.0,-83.3,0.0,0.0,0.0,0.0,0.0,0.0,0.0,0.0,-117.0,0.0,0.0,0.0,0.0,0.0,0.0
water_normal&flying,0.0,-17.0,-84.5,0.0,-80.9,-4.6,0.0,-18.5,0.0,-85.9,0.0,-77.0,0.0,0.0,0.0,-3.2,-36.2,0.0,0.0,0.0,0.0,0.0,0.0,0.0,-3.3,-53.1,0.0,-1.7,0.0,-3.3,0.0,0.0
water_fighting,0.0,0.0,11.9,0.0,54.4,0.0,0.0,0.0,0.0,22.4,0.0,90.0,0.0,0.0,0.0,0.0,114.1,0.0,0.0,0.0,0.0,0.0,0.0,0.0,0.0,39.3,0.0,0.0,0.0,0.0,0.0,0.0
rock&dark_fighting,0.0,0.0,0.0,0.0,0.0,-29.8,0.0,0.0,0.0,0.0,0.0,0.0,0.0,0.0,0.0,0.0,0.0,0.0,0.0,0.0,0.0,-71.5,0.0,0.0,0.0,0.0,0.0,0.0,147.7,69.6,0.0,0.0
ground&psychic_normal,0.0,0.0,394.0,0.0,0.0,0.0,0.0,0.0,0.0,0.0,0.0,0.0,0.0,0.0,0.0,0.0,0.0,0.0,124.7,201.9,0.0,0.0,0.0,0.0,0.0,0.0,0.0,0.0,0.0,0.0,0.0,0.0
psychic&grass_normal,0.0,0.0,0.0,134.4,33.0,0.0,0.0,0.0,0.0,0.0,0.0,0.0,255.4,0.0,0.0,136.0,119.9,0.0,0.0,0.0,0.0,0.0,0.0,0.0,0.0,0.0,0.0,0.0,0.0,0.0,0.0,0.0
dark&ice_normal,0.0,0.0,-8.1,0.0,-22.1,-25.9,-13.9,0.0,0.0,0.0,0.0,0.0,0.0,-13.3,-17.6,0.0,0.0,0.0,0.0,0.0,0.0,0.0,0.0,0.0,0.0,0.0,0.0,0.0,0.0,0.0,0.0,0.0
dark&ice_psychic,0.0,0.0,-40.7,0.0,32.7,-42.4,47.1,0.0,0.0,0.0,0.0,0.0,0.0,-30.2,-36.1,0.0,0.0,0.0,0.0,0.0,0.0,0.0,0.0,0.0,0.0,0.0,0.0,0.0,0.0,0.0,0.0,0.0
dark_dark&ice,0.0,0.0,130.6,0.0,49.9,2.8,0.0,0.0,0.0,0.0,0.0,0.0,10.9,0.0,0.0,103.1,0.0,5.2,0.0,0.0,0.0,0.0,0.0,0.0,0.0,0.0,0.0,0.0,0.0,0.0,0.0,0.0
psychic&grass_dark&ice,7.2,0.0,24.9,-82.1,-10.1,0.0,0.0,0.0,0.0,0.0,0.0,0.0,-109.7,3.0,0.0,-58.7,-53.9,-3.0,0.0,0.0,0.0,0.0,0.0,0.0,0.0,0.0,0.0,0.0,0.0,0.0,0.0,0.0
steel&psychic_dark&ice,-51.2,-61.7,-68.9,-88.8,-86.4,0.0,0.0,0.0,0.0,0.0,0.0,0.0,-43.8,0.0,0.0,-86.0,-90.2,-25.4,0.0,0.0,0.0,-11.2,0.0,0.0,-97.0,0.0,0.0,0.0,0.0,0.0,0.0,0.0
poison&flying_steel&psychic,0.0,0.0,206.2,0.0,0.0,0.0,0.0,0.0,0.0,0.0,0.0,0.0,400.8,143.3,0.0,0.0,0.0,173.4,0.0,0.0,0.0,0.0,0.0,0.0,0.0,0.0,0.0,0.0,0.0,0.0,0.0,0.0
poison&flying_ghost&dark,0.0,0.0,143.0,0.0,0.0,0.0,0.0,0.0,0.0,0.0,0.0,0.0,139.0,134.0,0.0,0.0,0.0,119.0,0.0,0.0,0.0,0.0,0.0,0.0,0.0,0.0,0.0,0.0,0.0,0.0,0.0,0.0
dark_ghost&dark,0.0,0.0,110.5,0.0,336.4,0.0,0.0,0.0,0.0,0.0,0.0,0.0,0.0,0.0,0.0,0.0,0.0,0.0,0.0,0.0,0.0,0.0,0.0,0.0,0.0,0.0,0.0,0.0,0.0,0.0,0.0,0.0
ground&psychic_water&poison,0.0,0.0,-86.6,0.0,5.8,0.0,0.0,0.0,0.0,0.0,0.0,0.0,0.0,0.0,0.0,0.0,0.0,0.0,-47.2,-19.2,0.0,0.0,0.0,0.0,0.0,0.0,0.0,0.0,0.0,0.0,0.0,0.0
psychic&grass_water,0.0,0.0,48.0,191.2,0.0,0.0,0.0,0.0,0.0,0.0,0.0,0.0,339.5,0.0,0.0,203.0,164.1,0.0,0.0,0.0,0.0,0.0,0.0,0.0,0.0,0.0,0.0,0.0,0.0,0.0,0.0,0.0
poison&flying_water,0.0,0.0,130.3,0.0,0.0,0.0,0.0,0.0,0.0,0.0,0.0,0.0,279.4,203.0,0.0,0.0,0.0,185.7,0.0,0.0,0.0,0.0,0.0,0.0,0.0,0.0,0.0,0.0,0.0,0.0,0.0,0.0
poison&flying_rock&dark,0.0,0.0,95.8,0.0,0.0,0.0,0.0,0.0,0.0,0.0,0.0,0.0,541.9,112.8,0.0,0.0,0.0,19.8,0.0,0.0,0.0,0.0,0.0,0.0,0.0,0.0,0.0,0.0,0.0,0.0,0.0,0.0
psychic&grass_rock&flying,0.0,0.0,-42.0,-31.3,-17.9,0.0,0.0,0.0,0.0,0.0,0.0,0.0,-34.9,0.0,-2.6,-47.6,-40.9,0.0,0.0,0.0,0.0,0.0,0.0,0.0,0.0,0.0,0.0,0.0,0.0,0.0,0.0,0.0
dark_rock&flying,0.0,0.0,0.0,-11.8,-10.1,0.0,0.0,0.0,0.0,0.0,0.0,0.0,6.3,0.0,0.0,0.0,3.2,0.0,0.0,0.0,0.0,0.0,0.0,0.0,0.0,0.0,0.0,0.0,0.0,0.0,0.0,0.0
dark_water,0.0,1.1,49.3,0.0,0.9,0.0,0.0,0.0,0.0,0.0,0.0,0.0,0.4,6.6,1.1,0.0,0.0,0.0,0.0,1.0,0.0,0.0,0.0,0.0,0.0,0.0,0.0,0.0,0.0,0.0,0.0,0.0
psychic&grass_steel&psychic,0.0,0.0,0.0,104.7,29.8,0.0,0.0,0.0,0.0,0.0,0.0,0.0,215.3,0.0,0.0,157.1,154.2,0.0,0.0,0.0,0.0,0.0,0.0,0.0,0.0,0.0,0.0,0.0,0.0,0.0,0.0,0.0
dark_steel&psychic,0.0,0.0,-52.4,0.0,-90.2,0.0,0.0,0.0,0.0,0.0,0.0,0.0,-73.6,-17.1,-21.4,0.0,-15.2,0.0,0.0,0.0,0.0,0.0,0.0,0.0,0.0,0.0,0.0,0.0,0.0,0.0,0.0,0.0
psychic&grass_rock&dark,0.0,0.0,0.0,169.0,0.0,0.0,0.0,0.0,0.0,0.0,0.0,0.0,82.4,0.0,0.0,288.4,31.6,0.0,0.0,0.0,0.0,0.0,0.0,0.0,0.0,0.0,0.0,0.0,0.0,0.0,0.0,0.0
dark&ice_steel&psychic,0.0,0.0,-66.5,0.0,-24.6,-101.0,-17.0,0.0,0.0,0.0,0.0,0.0,0.0,-40.0,-50.8,0.0,0.0,0.0,0.0,0.0,0.0,0.0,0.0,0.0,0.0,0.0,0.0,0.0,0.0,0.0,0.0,0.0
ice&ground_bug&fighting,0.0,-109.5,-111.6,0.0,0.0,0.0,0.0,0.0,0.0,0.0,0.0,0.0,0.0,0.0,-109.6,0.0,0.0,0.0,-125.2,0.0,0.0,0.0,0.0,0.0,0.0,0.0,0.0,0.0,0.0,0.0,0.0,0.0
grass_water,0.0,37.6,0.0,0.0,-1.2,0.0,37.0,0.0,0.0,0.0,0.0,0.0,0.0,0.0,0.0,84.7,0.0,-1.5,-2.7,0.0,0.0,2.3,0.0,21.3,0.0,0.0,0.0,0.0,0.0,0.0,0.0,0.0
grass_normal&flying,0.0,-104.6,0.0,0.0,0.0,0.0,-95.1,0.0,0.0,0.0,0.0,-13.3,0.0,0.0,-2.6,-104.2,0.0,0.0,-12.5,0.0,-6.7,0.0,0.0,-12.8,0.0,0.0,0.0,0.0,0.0,0.0,0.0,0.0
fire&flying_normal&flying,0.0,-6.3,4.1,0.0,-48.6,0.0,0.0,0.0,0.0,0.0,0.0,0.0,0.0,0.0,0.0,0.0,0.0,-42.5,0.7,0.0,-30.7,-15.4,-34.2,-18.8,0.0,0.0,0.0,0.0,0.0,0.0,0.0,0.0
steel_normal&flying,0.0,0.0,351.3,0.0,7.2,7.9,2.5,0.0,0.0,0.0,0.0,-24.1,0.0,0.0,2.0,-0.8,0.0,2.2,-42.5,0.0,0.0,0.0,34.9,-0.7,0.0,0.0,0.0,0.0,0.0,0.0,0.0,0.0
water&dragon_water&poison,0.0,0.0,139.1,0.0,0.0,0.0,0.0,0.0,0.0,0.0,0.0,186.8,0.0,0.0,0.0,0.0,0.0,0.0,0.0,0.0,331.1,0.0,0.0,0.0,0.0,0.0,0.0,0.0,0.0,0.0,0.0,0.0
water&dragon_bug&fighting,0.0,0.0,-74.0,0.0,0.0,0.0,0.0,0.0,0.0,0.0,0.0,-168.8,0.0,0.0,0.0,0.0,0.0,0.0,0.0,0.0,-78.2,0.0,0.0,0.0,0.0,0.0,0.0,0.0,0.0,0.0,0.0,0.0
fire&flying_fighting,0.0,0.0,0.0,0.0,90.8,0.0,0.0,0.0,0.0,0.0,0.0,0.0,0.0,0.0,0.0,0.0,0.0,150.2,0.0,0.0,0.0,156.7,175.6,0.0,0.0,0.0,0.0,0.0,0.0,0.0,0.0,0.0
fire&flying_water&poison,0.0,0.0,0.0,0.0,27.3,0.0,0.0,0.0,0.0,0.0,0.0,0.0,0.0,0.0,0.0,0.0,0.0,-142.6,0.0,0.0,0.0,-127.8,-130.9,0.0,0.0,0.0,0.0,0.0,0.0,0.0,0.0,0.0
fire&flying_steel&psychic,0.0,0.0,-10.5,0.0,12.8,0.0,0.0,0.0,0.0,0.0,0.0,0.0,0.0,0.0,-0.8,0.0,0.0,39.5,0.0,0.0,0.0,135.6,-16.5,-4.0,0.0,0.0,0.0,0.0,0.0,0.0,0.0,0.0
grass_water&poison,0.0,95.5,5.5,0.0,0.0,0.0,22.7,0.0,0.0,0.0,0.0,0.0,0.0,0.0,0.0,72.4,0.0,0.0,0.0,0.0,0.0,0.0,0.0,78.0,0.0,0.0,0.0,0.0,0.0,0.0,0.0,0.0
ground&psychic_steel&psychic,0.0,0.0,-377.7,0.0,0.0,0.0,0.0,0.0,0.0,0.0,0.0,0.0,0.0,0.0,0.0,0.0,0.0,0.0,-264.7,-360.6,0.0,0.0,0.0,0.0,0.0,0.0,0.0,0.0,0.0,0.0,0.0,0.0
poison&flying_water&poison,0.0,0.0,107.0,0.0,29.8,0.0,0.0,0.0,0.0,0.0,0.0,0.0,431.4,82.1,0.0,0.0,0.0,110.7,0.0,0.0,0.0,0.0,0.0,0.0,0.0,0.0,0.0,0.0,0.0,0.0,0.0,0.0
dark&ice_water&poison,0.0,0.0,222.4,0.0,-33.0,-1.6,311.1,0.0,0.0,0.0,0.0,0.0,0.0,111.5,119.3,0.0,0.0,0.0,0.0,0.0,0.0,0.0,0.0,0.0,0.0,0.0,0.0,0.0,0.0,0.0,0.0,0.0
dark_fighting,0.0,0.0,0.0,0.0,112.6,0.0,0.0,0.0,0.0,0.0,0.0,0.0,60.6,0.0,0.0,0.0,0.0,0.0,0.0,0.0,0.0,0.0,0.0,0.0,0.0,0.0,0.0,0.0,0.0,0.0,0.0,0.0
psychic&grass_fighting,0.0,0.0,0.0,237.6,40.7,0.0,0.0,0.0,0.0,0.0,0.0,0.0,304.2,0.0,0.0,144.8,66.1,0.0,0.0,0.0,0.0,0.0,0.0,0.0,0.0,0.0,0.0,0.0,0.0,0.0,0.0,0.0
ground&psychic_ghost&dark,0.0,0.0,247.1,0.0,0.0,0.0,0.0,0.0,0.0,0.0,0.0,0.0,0.0,0.0,0.0,0.0,0.0,0.0,-6.2,0.1,0.0,0.0,0.0,0.0,0.0,0.0,0.0,0.0,0.0,0.0,0.0,0.0
psychic&grass_ghost&dark,0.0,0.0,78.6,179.3,0.0,0.0,0.0,0.0,0.0,0.0,0.0,0.0,198.8,0.0,0.0,167.7,178.2,0.0,0.0,0.0,0.0,0.0,0.0,0.0,0.0,0.0,0.0,0.0,0.0,0.0,0.0,0.0
dark_psychic,0.0,0.0,-84.9,0.0,-97.9,0.0,0.0,0.0,0.0,0.0,0.0,0.0,-28.4,0.0,0.0,0.0,0.0,0.0,0.0,0.0,0.0,0.0,0.0,0.0,0.0,0.0,0.0,0.0,0.0,0.0,0.0,0.0
dark&ice_grass&fighting,0.0,0.0,28.1,0.0,62.1,133.0,208.5,0.0,0.0,0.0,0.0,0.0,82.9,13.3,298.0,0.0,0.0,0.0,0.0,0.0,0.0,0.0,0.0,0.0,0.0,0.0,0.0,0.0,0.0,0.0,0.0,0.0
dark&ice_dark&ice,0.0,0.0,-46.6,0.0,-54.9,4.6,-61.5,0.0,0.0,0.0,0.0,0.0,0.0,-35.1,-55.0,0.0,0.0,0.0,0.0,0.0,0.0,0.0,0.0,0.0,0.0,0.0,0.0,0.0,0.0,0.0,0.0,0.0
dark&ice_ghost&dark,0.0,0.0,18.4,0.0,17.7,13.5,89.3,0.0,0.0,0.0,0.0,0.0,0.0,19.3,43.1,0.0,0.0,0.0,0.0,0.0,0.0,0.0,0.0,0.0,0.0,0.0,0.0,0.0,0.0,0.0,0.0,0.0
poison&flying_normal,0.0,0.0,43.7,0.0,55.4,14.3,0.0,0.0,0.0,0.0,0.0,0.0,224.3,52.8,0.0,0.0,0.0,142.3,0.0,0.0,0.0,0.0,0.0,0.0,0.0,0.0,0.0,0.0,0.0,0.0,0.0,0.0
rock&flying_normal,0.0,0.0,0.0,0.0,249.6,0.0,0.0,0.0,0.0,0.0,0.0,0.0,0.0,0.0,0.0,0.0,0.0,253.8,0.0,0.0,0.0,0.0,0.0,0.0,0.0,0.0,0.0,429.4,0.0,0.0,0.0,0.0
rock&flying_psychic,0.0,0.0,0.0,0.0,29.4,0.0,0.0,0.0,0.0,0.0,0.0,0.0,0.0,0.0,0.0,0.0,0.0,-7.4,0.0,0.0,0.0,0.0,0.0,0.0,0.0,0.0,0.0,231.9,0.0,0.0,0.0,0.0
rock&flying_dark&ice,0.0,0.0,19.5,0.0,-120.9,0.0,0.0,0.0,0.0,27.1,-14.3,0.0,0.0,0.0,0.0,0.0,0.0,-86.6,0.0,0.0,0.0,0.0,0.0,0.0,-3.1,0.0,0.0,-9.5,0.0,0.0,0.0,0.0
rock&dark_dark&ice,0.0,0.0,0.0,0.0,0.0,-106.9,0.0,0.0,0.0,0.0,-5.0,0.0,0.0,0.0,0.0,0.0,0.0,0.0,0.0,0.0,0.0,-89.3,0.0,0.0,0.0,0.0,0.0,-44.2,-104.2,-99.6,0.0,0.0
rock&dark_normal,0.0,0.0,0.0,0.0,0.0,348.0,0.0,0.0,0.0,0.0,0.0,0.0,0.0,0.0,0.0,0.0,0.0,0.0,0.0,0.0,0.0,-23.0,0.0,0.0,0.0,0.0,0.0,0.0,11.4,-36.6,0.0,0.0
rock&dark_grass&fighting,0.0,0.0,0.0,0.0,0.0,89.6,0.0,0.0,0.0,0.0,0.0,0.0,0.0,0.0,0.0,0.0,0.0,0.0,0.0,0.0,0.0,443.4,0.0,0.0,0.0,0.0,0.0,0.0,40.7,69.7,0.0,0.0
rock&dark_steel&psychic,0.0,0.0,0.0,0.0,-25.5,-128.5,0.0,0.0,0.0,-13.5,0.0,0.0,0.0,0.0,0.0,0.0,-15.6,0.0,0.0,0.0,0.0,-200.7,0.0,0.0,0.0,-15.6,0.0,0.0,-165.8,-186.3,0.0,0.0
water_ghost&dark,0.0,0.0,72.5,0.0,81.6,0.0,0.0,0.0,0.0,96.3,0.0,132.9,0.0,0.0,0.0,0.0,162.0,0.0,0.0,0.0,0.0,0.0,0.0,0.0,0.0,82.5,0.0,0.0,0.0,0.0,0.0,0.0
psychic&fighting_steel&psychic,0.0,0.0,17.8,52.6,0.0,88.9,0.0,0.0,0.0,0.0,0.0,0.0,0.0,0.0,0.0,0.0,0.0,0.0,0.0,0.0,0.0,0.0,0.0,0.0,0.0,0.0,-0.3,27.8,0.0,0.0,0.0,0.0
water&poison_grass&fighting,0.0,0.0,0.0,0.0,10.0,0.0,0.0,0.0,0.0,33.4,170.2,22.4,0.0,0.0,0.0,0.0,0.0,0.0,0.0,0.0,0.0,0.0,0.0,0.0,0.0,0.0,0.0,0.0,0.0,0.0,0.0,0.0
water&poison_psychic,0.0,0.0,0.0,0.0,-211.2,0.0,0.0,0.0,0.0,-208.1,-223.1,-235.3,0.0,0.0,0.0,0.0,0.0,0.0,0.0,0.0,0.0,0.0,0.0,0.0,0.0,0.0,0.0,0.0,0.0,0.0,0.0,0.0
rock&dark_ghost&dark,0.0,0.0,14.6,0.0,0.0,119.7,0.0,0.0,0.0,0.0,0.0,0.0,0.0,0.0,0.0,0.0,0.0,0.0,0.0,0.0,0.0,108.1,0.0,0.0,0.0,0.0,0.0,0.0,156.4,102.7,0.0,0.0
water_normal,0.0,0.0,34.6,0.0,325.4,0.0,0.0,0.0,0.0,107.3,0.0,130.7,0.0,0.0,0.0,0.0,53.7,0.0,0.0,0.0,0.0,0.0,0.0,0.0,0.0,65.2,0.0,0.0,0.0,0.0,0.0,0.0
rock&flying_ghost&dark,0.0,0.0,126.4,0.0,132.9,0.0,0.0,0.0,0.0,0.0,0.0,0.0,0.0,0.0,0.0,0.0,0.0,213.3,0.0,0.0,0.0,0.0,0.0,0.0,0.0,0.0,0.0,191.6,0.0,0.0,0.0,0.0
water&dragon_psychic&grass,0.0,0.0,-76.2,0.0,0.0,0.0,0.0,0.0,0.0,0.0,0.0,-151.6,0.0,0.0,0.0,0.0,0.0,0.0,0.0,0.0,-63.6,0.0,0.0,0.0,0.0,0.0,0.0,0.0,0.0,0.0,0.0,0.0
fire&flying_dark,0.0,0.0,0.0,0.0,98.9,0.0,0.0,0.0,0.0,0.0,0.0,0.0,0.0,0.0,0.0,0.0,0.0,133.9,0.0,0.0,0.0,238.3,146.9,0.0,0.0,0.0,0.0,0.0,0.0,0.0,0.0,0.0
fire&flying_dark&ice,0.0,0.0,5.2,0.0,-9.0,0.0,0.0,0.0,0.0,0.0,0.0,-7.9,0.0,0.0,0.0,0.0,0.0,10.9,0.0,0.0,0.0,100.4,9.0,0.0,0.0,0.0,0.0,0.0,0.0,0.0,0.0,0.0
steel_dark&ice,0.0,0.0,132.5,0.0,0.0,106.9,0.0,0.0,0.0,0.0,0.0,0.0,0.0,0.0,23.6,0.0,0.0,0.0,19.5,0.0,0.0,0.0,-19.0,0.0,0.0,0.0,0.0,0.0,0.0,0.0,0.0,0.0
steel_dark,0.0,39.9,23.1,0.0,0.0,37.4,0.0,0.0,37.4,0.0,0.0,118.2,0.0,0.0,136.4,37.1,0.0,0.0,97.2,0.0,0.0,102.8,25.3,0.0,0.0,0.0,0.0,0.0,0.0,0.0,0.0,0.0
steel_poison&flying,0.0,-9.8,231.3,0.0,0.0,-5.1,0.0,0.0,-4.1,0.0,0.0,-17.6,0.0,0.0,-11.8,0.0,0.0,0.0,-62.9,0.0,0.0,-13.7,-15.9,0.0,0.0,0.0,0.0,0.0,0.0,0.0,0.0,0.0
ice&ground_dark,0.0,140.6,68.6,0.0,0.0,0.0,0.0,0.0,0.0,0.0,0.0,0.0,0.0,0.0,55.6,0.0,0.0,0.0,0.9,0.0,0.0,0.0,0.0,0.0,0.0,0.0,0.0,0.0,0.0,0.0,0.0,0.0
water&dragon_psychic&fighting,0.0,0.0,-89.2,0.0,0.0,0.0,0.0,0.0,0.0,0.0,0.0,-139.0,0.0,0.0,0.0,0.0,0.0,0.0,0.0,0.0,-222.0,0.0,0.0,0.0,0.0,0.0,0.0,0.0,0.0,0.0,0.0,0.0
water&dragon_rock&flying,0.0,0.0,-32.5,0.0,0.0,0.0,0.0,0.0,0.0,0.0,0.0,-95.4,0.0,0.0,0.0,0.0,0.0,0.0,0.0,0.0,-120.5,0.0,0.0,0.0,0.0,0.0,0.0,0.0,0.0,0.0,0.0,0.0
water&dragon_water,0.0,0.0,35.9,0.0,0.0,0.0,0.0,0.0,0.0,0.0,0.0,7.7,0.0,0.0,0.0,0.0,0.0,0.0,0.0,0.0,83.3,0.0,0.0,0.0,0.0,0.0,0.0,0.0,0.0,0.0,0.0,0.0
water&dragon_rock&dark,0.0,0.0,48.2,0.0,0.0,0.0,0.0,0.0,0.0,0.0,0.0,199.1,0.0,0.0,0.0,0.0,0.0,0.0,0.0,0.0,156.5,0.0,0.0,0.0,0.0,0.0,0.0,0.0,0.0,0.0,0.0,0.0
steel_steel&psychic,0.0,8.0,106.8,0.0,0.0,0.0,0.0,0.0,0.0,0.0,0.0,0.0,0.0,0.0,3.9,0.0,0.0,2.0,55.8,0.0,0.0,0.0,4.4,0.0,0.0,0.0,0.0,0.0,0.0,0.0,0.0,0.0
steel_water&poison,0.0,0.0,307.6,0.0,0.0,0.0,0.0,0.0,0.0,0.0,0.0,0.0,0.0,0.0,-16.6,0.0,0.0,0.0,-2.7,0.0,0.0,0.0,15.9,0.0,0.0,0.0,0.0,0.0,0.0,0.0,0.0,0.0
steel_water,0.0,0.0,9.4,0.0,10.4,0.0,0.0,0.0,0.0,0.0,0.0,0.0,0.0,0.0,32.7,0.0,0.0,0.0,45.2,0.0,0.0,4.0,9.1,0.0,0.0,0.0,0.0,0.0,0.0,0.0,0.0,0.0
normal_steel&psychic,0.0,0.0,-0.0,0.0,-182.6,-139.1,0.0,0.0,-53.1,0.0,0.0,0.0,0.0,0.0,0.0,0.0,0.0,0.0,0.0,0.0,0.0,64.5,-245.2,-66.3,0.0,0.0,0.0,0.0,0.0,0.0,0.0,0.0
steel&psychic_poison&flying,-33.9,-110.6,-110.3,-95.8,-3.9,-5.2,0.0,0.0,0.0,-41.2,-16.0,0.0,-80.4,-6.7,-8.5,-73.7,-130.8,0.0,0.0,0.0,0.0,36.3,-6.3,-11.4,-72.4,0.0,0.0,-17.9,0.0,-7.6,0.0,0.0
steel&psychic_psychic&grass,18.8,38.2,109.8,-8.4,-42.4,0.0,0.0,0.0,0.0,0.0,0.0,-23.0,172.5,0.0,0.0,-46.3,46.4,0.0,0.0,0.0,0.0,-8.1,0.0,0.0,16.3,5.5,0.0,0.0,0.0,0.0,0.0,0.0
psychic_psychic&grass,0.0,0.0,423.1,0.0,0.0,0.0,0.0,0.0,0.0,0.0,0.0,0.0,35.9,50.8,0.0,0.0,0.0,0.0,1.7,0.0,0.0,0.0,0.0,0.0,0.0,0.0,0.0,0.0,0.0,0.0,0.0,0.0
ghost&dark_dark&ice,0.0,0.0,17.5,126.0,-9.5,-13.0,0.0,0.0,0.0,0.0,0.0,0.0,19.2,0.0,0.0,0.0,0.0,0.0,0.0,0.0,0.0,0.0,0.0,10.7,0.0,0.0,0.0,0.0,0.0,0.0,-2.2,-7.4
dark&ice_dark,0.0,0.0,-24.9,0.0,-17.0,-7.3,-23.3,0.0,0.0,0.0,0.0,0.0,0.0,62.7,-14.5,0.0,0.0,0.0,23.2,0.0,0.0,0.0,0.0,0.0,0.0,0.0,0.0,0.0,0.0,0.0,0.0,0.0
grass&fighting_dark,0.0,0.0,182.5,0.0,196.8,314.6,110.9,0.0,0.0,0.0,0.0,0.0,27.2,0.0,52.6,0.0,0.0,0.0,0.0,0.0,0.0,173.2,93.1,246.4,0.0,0.0,0.0,0.0,0.0,0.0,0.0,0.0
normal_normal,0.0,0.0,246.2,0.0,128.8,159.2,0.0,0.0,120.3,0.0,0.0,0.0,0.0,0.0,0.0,0.0,0.0,0.0,0.0,0.0,0.0,168.1,194.1,182.2,0.0,0.0,0.0,0.0,0.0,0.0,0.0,0.0
normal_psychic,0.0,5.0,-28.7,0.0,-221.4,-115.7,0.0,0.0,-132.6,0.0,0.0,0.0,0.0,0.0,0.0,0.0,0.0,0.0,0.0,0.0,0.0,-365.7,-388.4,-106.0,0.0,0.0,0.0,0.0,0.0,0.0,0.0,0.0
normal_grass&fighting,0.0,73.2,0.0,0.0,100.8,307.9,0.0,0.0,-51.4,0.0,0.0,0.0,0.0,0.0,0.0,0.0,0.0,0.0,0.0,0.0,0.0,294.5,250.1,196.0,0.0,0.0,0.0,0.0,0.0,0.0,0.0,0.0
psychic_grass&fighting,0.0,0.0,22.2,0.0,0.0,0.0,0.0,0.0,0.0,0.0,0.0,0.0,467.3,-7.8,0.0,0.0,0.0,0.0,55.3,0.0,0.0,0.0,0.0,0.0,0.0,0.0,0.0,0.0,0.0,0.0,0.0,0.0
psychic_steel&psychic,0.0,0.0,70.2,0.0,0.0,0.0,0.0,0.0,0.0,0.0,0.0,0.0,381.7,93.0,0.0,0.0,0.0,0.0,121.0,0.0,0.0,0.0,0.0,0.0,0.0,0.0,0.0,0.0,0.0,0.0,0.0,0.0
psychic_ghost&dark,0.0,0.0,452.2,0.0,0.0,0.0,0.0,0.0,0.0,0.0,0.0,0.0,-12.1,-1.6,0.0,0.0,0.0,0.0,-5.1,0.0,0.0,0.0,0.0,0.0,0.0,0.0,0.0,0.0,0.0,0.0,0.0,0.0
grass&fighting_normal,0.0,0.0,0.0,0.0,95.3,466.9,0.0,0.0,0.0,0.0,0.0,0.0,0.0,0.0,0.0,0.0,0.0,0.0,0.0,0.0,0.0,20.2,0.0,181.0,0.0,0.0,0.0,0.0,0.0,0.0,0.0,0.0
grass&fighting_dark&ice,0.0,0.0,82.0,0.0,-2.1,238.0,0.0,0.0,0.0,0.0,0.0,0.0,-19.6,0.0,0.0,0.0,0.0,0.0,0.0,0.0,0.0,0.0,0.0,142.5,0.0,0.0,0.0,0.0,0.0,0.0,0.0,0.0
grass&fighting_ghost&dark,0.0,0.0,232.1,0.0,228.1,204.2,0.0,0.0,0.0,0.0,0.0,0.0,24.1,0.0,0.0,0.0,0.0,0.0,0.0,0.0,0.0,0.0,0.0,233.0,0.0,0.0,0.0,0.0,0.0,0.0,0.0,0.0
grass&fighting_psychic,0.0,0.0,-69.3,0.0,-107.8,67.3,0.0,0.0,0.0,0.0,0.0,0.0,-34.5,0.0,0.0,0.0,0.0,0.0,0.0,0.0,0.0,0.0,0.0,-83.5,0.0,0.0,0.0,0.0,0.0,0.0,0.0,0.0
grass&fighting_grass&fighting,0.0,0.0,128.1,0.0,154.0,396.2,0.0,0.0,0.0,0.0,0.0,0.0,104.4,0.0,0.0,0.0,0.0,0.0,0.0,0.0,0.0,0.0,51.1,103.0,0.0,0.0,0.0,0.0,0.0,0.0,0.0,213.5
ghost&dark_ghost&dark,0.0,0.0,74.2,71.6,80.7,0.0,0.0,0.0,0.0,0.0,0.0,0.0,0.0,0.0,0.0,0.0,0.0,0.0,0.0,0.0,0.0,0.0,0.0,0.0,0.0,0.0,0.0,0.0,0.0,0.0,87.9,61.0
normal_rock&flying,0.0,0.0,180.7,0.0,131.3,149.5,42.2,0.0,186.7,0.0,0.0,0.0,10.9,0.0,0.0,0.0,0.0,0.0,-10.5,0.0,0.0,99.7,112.2,145.4,0.0,0.0,0.0,0.0,0.0,0.0,0.0,0.0
dark&ice_rock&flying,0.0,0.0,-37.9,0.0,-44.1,-46.6,96.0,0.0,0.0,0.0,0.0,0.0,0.0,-46.4,-21.0,0.0,0.0,0.0,0.0,0.0,0.0,0.0,0.0,0.0,0.0,0.0,0.0,0.0,0.0,0.0,0.0,0.0
ghost&dark_rock&flying,0.0,0.0,0.0,-72.5,-47.7,-0.8,0.0,0.0,0.0,0.0,0.0,0.0,-5.3,0.0,0.0,0.0,0.0,0.0,0.0,0.0,0.0,-0.4,-0.2,0.0,0.0,0.0,0.0,0.0,0.0,0.0,-65.2,-58.0
ghost&dark_rock&dark,0.0,0.0,0.0,-59.9,-80.5,0.0,0.0,0.0,0.0,0.0,0.0,0.0,0.0,0.0,0.0,0.0,0.0,0.0,0.0,0.0,0.0,0.0,0.0,0.0,0.0,0.0,0.0,0.0,0.0,0.0,-49.9,-53.8
ghost&dark_steel&psychic,0.0,0.0,-57.4,-81.6,-76.9,0.0,-41.4,0.0,0.0,0.0,0.0,0.0,0.0,0.0,0.0,0.0,0.0,0.0,0.0,0.0,0.0,-2.8,0.0,0.0,0.0,0.0,0.0,0.0,0.0,0.0,-53.2,-91.3
grass&fighting_steel&psychic,0.0,0.0,30.5,0.0,77.5,117.6,9.0,0.0,0.0,0.0,0.0,0.0,7.0,0.0,0.0,0.0,0.0,0.0,0.0,0.0,0.0,-2.9,3.4,80.3,0.0,0.0,0.0,0.0,0.0,0.0,11.6,-21.3
normal_water&dragon,0.0,0.0,48.2,0.0,14.5,114.2,0.0,0.0,-16.2,0.0,0.0,0.0,0.0,0.0,0.0,0.0,0.0,0.0,0.0,0.0,0.0,32.8,226.5,-1.0,0.0,0.0,0.0,0.0,0.0,0.0,0.0,0.0
normal_steel,0.0,0.0,-42.4,0.0,72.1,-44.6,0.0,0.0,127.7,0.0,0.0,0.0,0.0,0.0,0.0,0.0,0.0,0.0,0.0,0.0,0.0,-63.0,62.3,-8.6,0.0,0.0,0.0,0.0,0.0,0.0,0.0,0.0
normal_grass,0.0,0.0,0.0,0.0,287.2,197.2,0.0,0.0,175.4,0.0,0.0,0.0,0.0,0.0,0.0,0.0,0.0,0.0,0.0,0.0,0.0,401.9,164.8,72.6,0.0,0.0,0.0,0.0,0.0,0.0,0.0,0.0
normal_fire&flying,0.0,0.0,110.6,0.0,24.7,76.1,0.0,0.0,44.7,0.0,0.0,0.0,0.0,0.0,0.0,0.0,0.0,0.0,0.0,0.0,0.0,73.5,102.1,48.0,0.0,0.0,0.0,0.0,0.0,0.0,0.0,0.0
normal_ice&ground,0.0,0.0,-19.0,0.0,75.1,-102.5,0.0,0.0,-151.9,0.0,0.0,0.0,0.0,0.0,0.0,0.0,0.0,0.0,0.0,0.0,0.0,-30.4,-77.4,8.5,0.0,0.0,0.0,0.0,0.0,0.0,0.0,0.0
ghost&dark_ice&ground,0.0,0.0,0.0,-89.6,-124.3,0.0,0.0,0.0,0.0,0.0,0.0,0.0,0.0,0.0,0.0,0.0,0.0,0.0,0.0,0.0,0.0,0.0,0.0,0.0,0.0,0.0,0.0,0.0,0.0,0.0,-65.5,-92.2
ghost&dark_fire&flying,0.0,0.0,23.9,2.6,-12.1,0.0,0.0,0.0,0.0,0.0,0.0,0.0,-0.6,0.0,0.0,0.0,0.0,0.0,0.0,0.0,0.0,0.0,0.0,0.0,0.0,0.0,0.0,0.0,0.0,0.0,4.7,-20.0
ghost&dark_grass,0.0,0.0,46.0,-6.8,-18.5,0.0,0.0,0.0,0.0,0.0,0.0,0.0,-1.9,0.0,0.0,0.0,0.0,0.0,0.0,0.0,0.0,0.0,0.0,0.0,0.0,0.0,0.0,0.0,0.0,0.0,6.2,-14.1
ghost&dark_water&dragon,0.0,0.0,0.0,-18.7,-7.9,0.0,0.0,0.0,0.0,0.0,0.0,0.0,0.0,0.0,0.0,0.0,0.0,0.0,0.0,0.0,0.0,0.0,0.0,0.0,0.0,0.0,0.0,0.0,0.0,0.0,-40.3,-23.0
ghost&dark_normal,0.0,0.0,19.3,115.5,21.8,0.0,0.0,0.0,0.0,0.0,0.0,0.0,0.0,0.0,0.0,0.0,0.0,0.0,0.0,0.0,0.0,0.0,0.0,0.0,0.0,0.0,0.0,0.0,0.0,0.0,114.1,100.6
water&poison_grass,0.0,0.0,0.0,0.0,-45.1,0.0,0.0,0.0,0.0,-36.8,-10.3,-44.5,0.0,0.0,0.0,0.0,0.0,0.0,0.0,0.0,0.0,0.0,0.0,0.0,0.0,0.0,0.0,0.0,0.0,0.0,0.0,0.0
water&poison_fire&flying,0.0,0.0,0.0,0.0,34.3,0.0,0.0,0.0,0.0,39.1,39.9,243.6,0.0,0.0,0.0,0.0,0.0,0.0,0.0,0.0,0.0,0.0,0.0,0.0,0.0,0.0,0.0,0.0,0.0,0.0,0.0,0.0
bug&fighting_ice&ground,0.0,0.0,27.3,0.0,-30.6,-17.8,0.0,0.0,0.0,0.0,0.0,0.0,204.8,0.0,0.0,0.0,0.0,0.0,0.0,0.0,0.0,0.0,0.0,0.0,0.0,0.0,0.0,0.0,0.0,0.0,0.0,0.0
steel&psychic_ground&psychic,436.6,285.9,725.9,9.1,0.0,0.0,0.0,0.0,0.0,0.0,0.0,0.0,0.0,0.0,0.0,78.4,148.6,0.0,0.0,0.0,0.0,0.0,0.0,0.0,80.4,0.0,0.0,0.0,0.0,0.0,0.0,0.0
fighting_dark,0.0,0.0,142.2,186.1,211.7,44.0,79.5,38.3,0.0,192.1,42.4,28.6,0.0,0.0,0.0,0.0,0.0,0.0,0.0,0.0,0.0,0.0,0.0,0.0,0.0,0.0,0.0,0.0,0.0,0.0,0.0,0.0
fighting_dark&ice,0.0,0.0,0.0,76.9,33.2,267.4,28.9,16.2,0.0,0.0,0.0,0.0,0.0,0.0,0.0,0.0,0.0,0.0,0.0,0.0,0.0,0.0,0.0,0.0,0.0,0.0,0.0,0.0,0.0,0.0,0.0,0.0
fighting_psychic&grass,0.0,0.0,-20.3,-23.9,-27.6,114.7,-14.2,0.0,0.0,0.0,0.0,0.0,0.0,0.0,0.0,0.0,0.0,0.0,0.0,0.0,0.0,0.0,0.0,0.0,0.0,0.0,0.0,0.0,0.0,0.0,0.0,0.0
water&poison_psychic&grass,0.0,0.0,0.0,0.0,-82.0,0.0,0.0,0.0,0.0,-103.2,-78.7,-120.3,0.0,0.0,0.0,0.0,0.0,0.0,0.0,0.0,0.0,0.0,0.0,0.0,0.0,0.0,0.0,0.0,0.0,0.0,0.0,0.0
water&poison_poison&flying,0.0,0.0,-69.0,0.0,-99.8,-17.1,0.0,-22.5,0.0,-137.2,-76.6,-111.1,0.0,0.0,0.0,0.0,0.0,0.0,0.0,0.0,0.0,0.0,0.0,0.0,0.0,0.0,0.0,0.0,0.0,0.0,0.0,0.0
bug&fighting_poison&flying,0.0,0.0,-68.5,-10.4,-85.3,-133.6,-12.3,-10.2,0.0,-20.2,-13.6,0.0,-117.8,0.0,0.0,0.0,0.0,0.0,0.0,0.0,0.0,0.0,0.0,0.0,0.0,0.0,0.0,0.0,0.0,0.0,0.0,0.0
normal&flying_ghost&dark,0.0,0.0,438.9,0.0,752.4,0.0,0.0,931.1,667.0,0.0,0.0,0.0,0.0,0.0,0.0,0.0,0.0,0.0,0.0,0.0,0.0,0.0,0.0,0.0,0.0,0.0,0.0,0.0,0.0,0.0,0.0,0.0
normal&flying_dark&ice,0.0,0.0,-6.5,0.0,-29.4,0.0,0.0,7.5,-19.0,-12.7,0.0,0.0,0.0,0.0,0.0,0.0,0.0,0.0,0.0,0.0,0.0,0.0,0.0,0.0,0.0,0.0,0.0,0.0,0.0,0.0,0.0,0.0
water_grass,0.0,0.0,70.5,0.0,49.3,0.0,0.0,0.0,0.0,-7.6,0.0,33.4,0.0,0.0,0.0,0.0,123.9,0.0,0.0,0.0,0.0,0.0,0.0,0.0,0.0,25.8,0.0,0.0,0.0,0.0,0.0,0.0
bug&fighting_grass,0.0,0.0,132.2,0.0,22.7,61.5,0.0,0.0,0.0,0.0,0.0,0.0,9.0,0.0,0.0,0.0,0.0,0.0,0.0,0.0,0.0,0.0,0.0,0.0,0.0,0.0,0.0,0.0,0.0,0.0,0.0,0.0
normal&flying_steel,0.0,0.0,0.0,0.0,-72.6,0.0,0.0,-64.6,-61.6,0.0,0.0,0.0,0.0,0.0,0.0,0.0,0.0,0.0,0.0,0.0,0.0,0.0,0.0,0.0,0.0,0.0,0.0,0.0,0.0,0.0,0.0,0.0
bug&fighting_dark,0.0,0.0,24.1,0.0,-4.0,332.0,0.0,0.0,0.0,0.0,0.0,0.0,17.7,0.0,0.0,0.0,0.0,0.0,0.0,0.0,0.0,0.0,0.0,0.0,0.0,0.0,0.0,0.0,0.0,0.0,0.0,0.0
bug&fighting_psychic&grass,0.0,0.0,-65.2,0.0,-65.3,-72.1,0.0,0.0,0.0,0.0,0.0,0.0,-18.9,0.0,0.0,0.0,0.0,0.0,0.0,0.0,0.0,0.0,0.0,0.0,0.0,0.0,0.0,0.0,0.0,0.0,0.0,0.0
water_psychic&grass,0.0,0.0,-156.7,0.0,-154.9,0.0,0.0,0.0,0.0,-46.5,-11.5,-57.8,0.0,0.0,0.0,0.0,-67.8,0.0,0.0,0.0,0.0,0.0,0.0,0.0,0.0,-89.8,0.0,0.0,0.0,0.0,0.0,0.0
normal&flying_psychic&grass,0.0,0.0,0.0,0.0,20.9,0.0,0.0,58.4,27.5,0.0,0.0,0.0,0.0,0.0,0.0,0.0,0.0,0.0,0.0,0.0,0.0,0.0,0.0,0.0,0.0,0.0,0.0,0.0,0.0,0.0,0.0,0.0
fighting_poison&flying,0.0,0.0,-19.2,14.8,46.9,118.7,82.6,2.6,0.0,-2.8,0.0,0.0,0.0,0.0,0.0,0.0,0.0,0.0,0.0,0.0,0.0,0.0,0.0,0.0,0.0,0.0,0.0,0.0,0.0,0.0,0.0,0.0
ghost&dark_fighting,0.0,0.0,87.3,156.8,92.7,0.0,0.0,0.0,0.0,0.0,0.0,0.0,0.0,0.0,0.0,0.0,0.0,0.0,0.0,0.0,0.0,0.0,0.0,0.0,0.0,0.0,0.0,0.0,0.0,0.0,229.7,95.1
ghost&dark_water,0.0,0.0,-7.9,-68.2,-72.7,-5.8,-2.2,0.0,0.0,0.0,0.0,0.0,0.0,0.0,0.0,0.0,0.0,0.0,0.0,0.0,0.0,-2.3,0.0,0.0,0.0,0.0,0.0,0.0,0.0,0.0,-61.6,-49.6
psychic_water,0.0,0.0,776.3,0.0,0.0,0.0,0.0,0.0,0.0,0.0,0.0,0.0,30.8,29.8,0.0,0.0,0.0,0.0,-13.0,0.0,0.0,0.0,0.0,0.0,0.0,0.0,0.0,0.0,0.0,0.0,0.0,0.0
steel&psychic_normal&flying,-87.0,-99.4,-79.4,-30.5,-27.1,-30.3,0.0,0.0,0.0,0.0,0.0,0.0,-29.4,0.0,-18.2,-46.2,-57.3,0.0,-4.5,0.0,0.0,0.0,54.2,-37.3,-130.6,-9.6,-19.4,-5.2,0.0,0.0,-10.5,0.0
grass&fighting_normal&flying,0.0,0.0,-62.2,-24.9,-28.6,227.4,0.0,0.0,0.0,0.0,0.0,0.0,-77.5,0.0,-19.0,0.0,0.0,0.0,0.0,0.0,0.0,0.0,0.0,-77.1,0.0,0.0,0.0,0.0,0.0,0.0,0.0,76.3
dark&ice_normal&flying,0.0,0.0,-25.2,0.0,29.4,-60.8,2.9,0.0,0.0,0.0,0.0,0.0,-20.3,-2.3,158.0,0.0,0.0,0.0,0.0,0.0,0.0,0.0,0.0,0.0,0.0,0.0,0.0,0.0,0.0,0.0,0.0,0.0
normal_rock&dark,0.0,0.0,-10.9,0.0,-108.6,12.3,0.0,0.0,-42.1,0.0,0.0,0.0,0.0,0.0,0.0,0.0,0.0,0.0,0.0,0.0,0.0,-80.2,-142.2,-49.8,0.0,0.0,0.0,0.0,0.0,0.0,0.0,0.0
normal_psychic&fighting,0.0,0.0,-8.1,0.0,-350.7,-389.0,0.0,0.0,-364.7,0.0,0.0,0.0,0.0,0.0,0.0,0.0,0.0,0.0,0.0,0.0,0.0,-366.5,-284.1,-309.1,0.0,0.0,0.0,0.0,0.0,0.0,0.0,0.0
grass&fighting_rock&dark,0.0,0.0,4.3,0.0,-45.2,-17.3,0.0,0.0,0.0,0.0,0.0,0.0,0.0,0.0,0.0,0.0,0.0,0.0,0.0,0.0,0.0,0.0,0.0,83.0,0.0,0.0,0.0,0.0,0.0,0.0,-43.3,0.0
grass&fighting_water,0.0,0.0,0.0,0.0,50.2,187.7,0.0,0.0,0.0,0.0,0.0,0.0,0.0,0.0,0.0,0.0,0.0,0.0,0.0,0.0,0.0,0.0,0.0,103.9,0.0,0.0,0.0,0.0,0.0,0.0,0.0,0.0
grass&fighting_rock&flying,0.0,0.0,0.0,0.0,113.7,199.6,0.0,0.0,0.0,0.0,0.0,0.0,10.8,0.0,0.0,0.0,0.0,0.0,0.0,0.0,0.0,0.0,0.0,114.8,0.0,0.0,0.0,0.0,0.0,0.0,0.0,0.0
grass&fighting_psychic&fighting,0.0,0.0,-12.0,0.0,-93.1,-10.8,0.0,0.0,0.0,0.0,0.0,0.0,2.0,0.0,0.0,0.0,0.0,0.0,0.0,0.0,0.0,0.0,0.0,-114.3,0.0,0.0,0.0,0.0,0.0,0.0,0.0,0.0
grass&fighting_water&poison,0.0,0.0,0.0,0.0,40.4,165.7,0.0,0.0,0.0,0.0,0.0,0.0,0.0,0.0,0.0,0.0,0.0,0.0,0.0,0.0,0.0,0.0,0.0,73.2,0.0,0.0,0.0,0.0,0.0,0.0,0.0,0.0
psychic&grass_water&poison,0.0,0.0,0.0,208.8,0.0,0.0,0.0,0.0,0.0,0.0,0.0,0.0,147.8,0.0,0.0,305.3,84.8,0.0,0.0,0.0,0.0,0.0,0.0,0.0,0.0,0.0,0.0,0.0,0.0,0.0,0.0,0.0
psychic&grass_normal&flying,0.0,0.0,0.0,116.2,0.0,0.0,0.0,0.0,0.0,0.0,0.0,0.0,296.5,0.0,0.0,0.9,26.9,0.0,0.0,0.0,0.0,0.0,0.0,0.0,0.0,0.0,0.0,0.0,0.0,0.0,0.0,0.0
poison&flying_fighting,0.0,0.0,148.7,0.0,59.7,0.0,0.0,0.0,0.0,0.0,0.0,0.0,213.4,69.0,0.0,0.0,0.0,106.1,0.0,0.0,0.0,0.0,0.0,0.0,0.0,0.0,0.0,0.0,0.0,0.0,0.0,0.0
poison&flying_normal&flying,0.0,0.0,52.8,0.0,63.4,0.0,0.0,0.0,0.0,0.0,0.0,0.0,117.2,95.1,0.0,0.0,0.0,262.8,0.0,0.0,0.0,0.0,0.0,0.0,0.0,0.0,0.0,0.0,0.0,0.0,0.0,0.0
poison&flying_rock&flying,0.0,0.0,157.5,0.0,0.0,0.0,0.0,0.0,0.0,0.0,0.0,0.0,226.9,188.4,0.0,0.0,0.0,173.1,0.0,0.0,0.0,0.0,0.0,0.0,0.0,0.0,0.0,0.0,0.0,0.0,0.0,0.0
steel&psychic_rock&flying,129.0,-20.4,-12.6,-5.6,52.0,-0.3,0.0,0.0,0.0,0.0,0.0,4.4,-24.6,0.0,0.0,-1.9,-34.2,0.0,0.0,0.0,0.0,0.0,0.0,0.0,-27.6,0.0,0.0,-16.8,0.0,0.0,0.0,0.0
psychic&grass_psychic&fighting,0.0,0.0,0.0,-51.4,0.0,0.0,0.0,0.0,0.0,0.0,0.0,0.0,-29.5,0.0,0.0,-6.1,-37.1,0.0,0.0,0.0,0.0,0.0,0.0,0.0,0.0,0.0,0.0,0.0,0.0,0.0,0.0,0.0
ground&psychic_rock&dark,0.0,0.0,24.4,0.0,0.0,0.0,0.0,0.0,0.0,0.0,0.0,0.0,0.0,0.0,0.0,0.0,0.0,0.0,-25.2,92.3,0.0,0.0,0.0,0.0,0.0,0.0,0.0,0.0,0.0,0.0,0.0,0.0
ground&psychic_rock&flying,0.0,0.0,15.2,0.0,0.0,0.0,0.0,0.0,0.0,0.0,0.0,0.0,0.0,0.0,0.0,0.0,0.0,0.0,21.3,-15.9,0.0,0.0,0.0,0.0,0.0,0.0,0.0,0.0,0.0,0.0,0.0,0.0
ground&psychic_water,0.0,0.0,-70.3,0.0,0.0,0.0,0.0,0.0,0.0,0.0,0.0,0.0,0.0,0.0,0.0,0.0,0.0,0.0,-81.2,-7.6,0.0,0.0,0.0,0.0,0.0,0.0,0.0,0.0,0.0,0.0,0.0,0.0
dark&ice_rock&dark,0.0,0.0,-31.9,0.0,-28.0,-34.3,-21.2,0.0,0.0,0.0,0.0,0.0,0.0,2.7,-21.9,0.0,0.0,0.0,0.0,0.0,0.0,0.0,0.0,0.0,0.0,0.0,0.0,0.0,0.0,0.0,0.0,0.0
dark&ice_psychic&fighting,0.0,0.0,-56.6,0.0,-128.1,-130.2,-95.4,0.0,0.0,0.0,0.0,0.0,0.0,-78.5,-76.2,0.0,0.0,0.0,0.0,0.0,0.0,0.0,0.0,0.0,0.0,0.0,0.0,0.0,0.0,0.0,0.0,0.0
dark&ice_water,0.0,0.0,-14.0,0.0,-23.8,-23.7,57.1,0.0,0.0,0.0,0.0,0.0,0.0,-28.1,-8.4,0.0,0.0,0.0,-22.0,0.0,0.0,0.0,0.0,0.0,0.0,0.0,0.0,0.0,0.0,0.0,0.0,0.0
dark_water&dragon,0.0,0.0,0.0,0.0,12.7,0.0,0.0,0.0,0.0,0.0,0.0,0.0,2.2,0.0,0.0,0.0,0.0,0.0,0.0,0.0,0.0,0.0,0.0,0.0,0.0,0.0,0.0,0.0,0.0,0.0,0.0,0.0
poison&flying_ice&ground,0.0,0.0,192.1,0.0,24.1,0.0,0.0,0.0,0.0,0.0,0.0,0.0,224.6,37.4,0.0,0.0,0.0,117.4,0.0,0.0,0.0,0.0,0.0,0.0,0.0,0.0,0.0,0.0,0.0,0.0,0.0,0.0
dark&ice_steel,0.0,0.0,-20.0,0.0,-68.1,-61.7,-82.0,0.0,0.0,0.0,0.0,0.0,0.0,-89.2,-65.3,0.0,0.0,0.0,0.0,0.0,0.0,0.0,0.0,0.0,0.0,0.0,0.0,0.0,0.0,0.0,0.0,0.0
dark_fire&flying,0.0,0.0,0.0,0.0,-38.6,0.0,0.0,0.0,0.0,0.0,0.0,0.0,12.4,0.0,0.0,0.0,0.0,0.0,0.0,0.0,0.0,0.0,0.0,0.0,0.0,0.0,0.0,0.0,0.0,0.0,0.0,0.0
ground&psychic_grass,0.0,0.0,10.9,0.0,0.0,0.0,0.0,0.0,0.0,0.0,0.0,0.0,0.0,0.0,0.0,0.0,0.0,0.0,2.2,197.7,0.0,0.0,0.0,0.0,0.0,0.0,0.0,0.0,0.0,0.0,0.0,0.0
dark_normal,0.0,0.0,0.0,0.0,152.6,0.0,0.0,0.0,0.0,0.0,0.0,0.0,90.5,0.0,0.0,0.0,0.0,0.0,0.0,0.0,0.0,0.0,0.0,0.0,0.0,0.0,0.0,0.0,0.0,0.0,0.0,0.0
dark_steel,0.0,0.0,0.0,0.0,62.9,0.0,0.0,0.0,0.0,0.0,0.0,0.0,-24.5,0.0,0.0,0.0,0.0,0.0,0.0,0.0,0.0,0.0,0.0,0.0,0.0,0.0,0.0,0.0,0.0,0.0,0.0,0.0
dark&ice_fire&flying,0.0,0.0,-54.6,0.0,-98.6,-94.5,-66.7,0.0,0.0,0.0,0.0,0.0,-2.4,-79.4,-97.3,0.0,0.0,0.0,0.0,0.0,0.0,0.0,0.0,0.0,0.0,0.0,0.0,0.0,0.0,0.0,0.0,0.0
dark&ice_water&dragon,0.0,0.0,-63.3,0.0,0.9,-71.6,64.6,0.0,0.0,0.0,0.0,0.0,30.8,-51.4,74.8,0.0,0.0,0.0,0.0,0.0,0.0,0.0,0.0,0.0,0.0,0.0,0.0,0.0,0.0,0.0,0.0,0.0
poison&flying_water&dragon,0.0,0.0,284.8,0.0,0.0,0.0,0.0,0.0,0.0,0.0,0.0,0.0,89.1,137.1,0.0,0.0,0.0,134.1,0.0,0.0,0.0,0.0,0.0,0.0,0.0,0.0,0.0,0.0,0.0,0.0,0.0,0.0
bug&fighting_fighting,0.0,0.0,16.3,0.0,7.6,246.7,0.0,0.0,0.0,0.0,0.0,0.0,42.4,0.0,0.0,0.0,0.0,0.0,0.0,0.0,0.0,0.0,0.0,0.0,0.0,0.0,0.0,0.0,0.0,0.0,0.0,0.0
bug&fighting_water&poison,0.0,0.0,407.6,0.0,43.4,49.5,0.0,0.0,0.0,0.0,0.0,0.0,-7.2,0.0,0.0,0.0,0.0,0.0,0.0,0.0,0.0,0.0,0.0,0.0,0.0,0.0,0.0,0.0,0.0,0.0,0.0,0.0
bug&fighting_bug&fighting,0.0,0.0,116.7,0.0,-25.2,-27.8,0.0,0.0,0.0,0.0,0.0,0.0,-8.9,0.0,0.0,0.0,0.0,0.0,0.0,0.0,0.0,0.0,0.0,0.0,0.0,0.0,0.0,0.0,0.0,0.0,0.0,0.0
normal&flying_bug&fighting,0.0,0.0,0.0,0.0,-13.1,0.0,0.0,86.3,-42.0,0.0,0.0,0.0,0.0,0.0,0.0,0.0,0.0,0.0,0.0,0.0,0.0,0.0,0.0,0.0,0.0,0.0,0.0,0.0,0.0,0.0,0.0,0.0
water&poison_bug&fighting,0.0,0.0,0.0,0.0,-144.3,0.0,0.0,0.0,0.0,-141.5,-134.4,-133.2,0.0,0.0,0.0,0.0,0.0,0.0,0.0,0.0,0.0,0.0,0.0,0.0,0.0,0.0,0.0,0.0,0.0,0.0,0.0,0.0
fighting_water,0.0,0.0,0.0,30.3,-2.2,86.4,-38.1,0.5,0.0,0.0,0.0,-3.0,0.0,0.0,0.0,0.0,0.0,0.0,0.0,0.0,0.0,0.0,0.0,0.0,0.0,0.0,0.0,0.0,0.0,0.0,0.0,0.0
water_grass&fighting,0.0,0.0,302.1,0.0,137.3,0.0,0.0,0.0,0.0,116.2,0.0,356.3,0.0,0.0,0.0,0.0,116.7,0.0,0.0,0.0,0.0,0.0,0.0,0.0,0.0,-1.1,0.0,0.0,0.0,0.0,0.0,0.0
fighting_grass&fighting,0.0,0.0,0.0,45.3,50.1,340.1,163.0,0.0,0.0,0.0,0.0,0.0,0.0,0.0,0.0,0.0,0.0,0.0,0.0,0.0,0.0,0.0,0.0,0.0,0.0,0.0,0.0,0.0,0.0,0.0,0.0,0.0
bug&fighting_grass&fighting,0.0,0.0,261.5,0.0,-8.8,15.3,0.0,0.0,0.0,0.0,0.0,0.0,40.7,0.0,0.0,0.0,0.0,0.0,0.0,0.0,0.0,0.0,0.0,0.0,0.0,0.0,0.0,0.0,0.0,0.0,0.0,0.0
dark_ground&psychic,0.0,0.0,34.1,0.0,92.4,0.0,0.0,0.0,0.0,0.0,0.0,0.0,0.0,0.0,0.0,0.0,0.0,0.0,0.0,0.0,0.0,0.0,0.0,0.0,0.0,0.0,0.0,0.0,0.0,0.0,0.0,0.0
poison&flying_psychic&fighting,0.0,0.0,-22.8,0.0,0.0,0.0,0.0,0.0,0.0,0.0,0.0,0.0,31.4,-81.2,0.0,0.0,0.0,-24.7,0.0,0.0,0.0,0.0,0.0,0.0,0.0,0.0,0.0,0.0,0.0,0.0,0.0,0.0
dark_water&poison,0.0,0.0,0.0,0.0,123.1,0.0,0.0,0.0,0.0,0.0,0.0,0.0,-1.6,0.0,0.0,0.0,0.0,0.0,0.0,0.0,0.0,0.0,0.0,0.0,0.0,0.0,0.0,0.0,0.0,0.0,0.0,0.0
normal_normal&flying,0.0,2.8,-7.5,0.0,231.0,246.5,3.8,0.0,152.0,0.0,0.0,0.0,0.0,0.0,0.0,0.0,0.0,10.7,0.0,0.0,0.0,180.4,177.9,121.4,0.0,0.0,0.0,0.0,0.0,0.0,0.0,0.0
grass_fighting,0.0,69.6,-2.5,0.0,-15.7,-0.5,24.7,0.0,0.0,0.0,0.0,0.0,0.0,0.0,-0.9,82.7,0.0,0.0,-13.8,0.0,0.0,0.0,11.6,98.4,0.0,0.0,0.0,0.0,0.0,0.0,0.0,0.0
steel_fighting,0.0,-10.6,-12.9,0.0,0.0,3.0,-12.8,0.0,0.0,0.0,0.0,0.0,0.0,0.0,220.5,-2.7,0.0,-7.6,-45.2,0.0,0.0,0.0,-33.1,0.0,0.0,0.0,0.0,0.0,0.0,0.0,0.0,0.0
ice&ground_fighting,0.0,-103.4,-97.1,0.0,0.0,0.0,0.0,0.0,0.0,0.0,0.0,0.0,0.0,0.0,-93.4,0.0,0.0,0.0,-111.9,0.0,0.0,0.0,0.0,0.0,0.0,0.0,0.0,0.0,0.0,0.0,0.0,0.0
water&dragon_normal,0.0,0.0,30.8,0.0,0.0,0.0,0.0,0.0,0.0,0.0,0.0,88.1,0.0,0.0,0.0,0.0,0.0,0.0,0.0,0.0,-175.9,0.0,0.0,0.0,0.0,0.0,0.0,0.0,0.0,0.0,0.0,0.0
water&dragon_ghost&dark,0.0,0.0,-2.8,0.0,0.0,0.0,0.0,0.0,0.0,0.0,0.0,76.1,0.0,0.0,0.0,0.0,0.0,0.0,0.0,0.0,-19.6,0.0,0.0,0.0,0.0,0.0,0.0,0.0,0.0,0.0,0.0,0.0
water&dragon_grass&fighting,0.0,0.0,23.2,0.0,0.0,0.0,0.0,0.0,0.0,0.0,0.0,138.6,0.0,0.0,0.0,0.0,0.0,0.0,0.0,0.0,80.9,0.0,0.0,0.0,0.0,0.0,0.0,0.0,0.0,0.0,0.0,0.0
water&dragon_psychic,0.0,0.0,-33.8,0.0,0.0,0.0,0.0,0.0,0.0,0.0,0.0,-176.0,0.0,0.0,0.0,0.0,0.0,0.0,0.0,0.0,-156.0,0.0,0.0,0.0,0.0,0.0,0.0,0.0,0.0,0.0,0.0,0.0
steel_normal,0.0,0.0,305.0,0.0,0.0,0.0,-6.8,0.0,0.0,0.0,0.0,0.0,0.0,0.0,206.6,0.0,0.0,0.0,82.0,0.0,0.0,0.0,238.3,0.0,0.0,0.0,0.0,0.0,0.0,0.0,0.0,0.0
normal_dark&ice,0.0,23.5,-4.0,0.0,-29.0,128.4,0.0,0.0,68.7,0.0,0.0,25.3,0.0,0.0,0.0,0.0,0.0,0.0,0.0,0.0,0.0,-12.5,-17.7,53.3,0.0,0.0,0.0,0.0,0.0,0.0,0.0,0.0
water&poison_water&dragon,0.0,0.0,0.0,0.0,-152.0,0.0,0.0,0.0,0.0,-186.0,-8.4,-142.6,0.0,0.0,0.0,0.0,0.0,0.0,0.0,0.0,0.0,0.0,0.0,0.0,0.0,0.0,0.0,0.0,0.0,0.0,0.0,0.0
rock&dark_water&dragon,0.0,0.0,0.0,0.0,0.0,-157.3,0.0,0.0,0.0,0.0,0.0,0.0,0.0,0.0,0.0,0.0,0.0,0.0,0.0,0.0,0.0,-138.2,0.0,0.0,0.0,0.0,0.0,0.0,-142.6,-158.5,0.0,0.0
rock&dark_grass,0.0,0.0,0.0,0.0,0.0,29.5,0.0,0.0,0.0,0.0,0.0,0.0,0.0,0.0,0.0,0.0,0.0,0.0,0.0,0.0,0.0,299.9,0.0,0.0,0.0,0.0,0.0,0.0,19.9,35.5,0.0,0.0
rock&flying_ice&ground,0.0,0.0,0.0,0.0,495.5,0.0,0.0,0.0,0.0,0.0,0.0,0.0,0.0,0.0,0.0,0.0,0.0,338.8,0.0,0.0,0.0,0.0,0.0,0.0,0.0,0.0,0.0,861.8,0.0,0.0,0.0,0.0
rock&flying_fire&flying,0.0,0.0,0.0,0.0,229.1,0.0,0.0,0.0,0.0,0.0,0.0,0.0,0.0,0.0,0.0,0.0,0.0,215.8,0.0,0.0,0.0,0.0,0.0,0.0,0.0,0.0,0.0,370.1,0.0,0.0,0.0,0.0
rock&flying_steel,0.0,0.0,0.0,0.0,-21.9,0.0,0.0,0.0,0.0,0.0,0.0,0.0,0.0,0.0,0.0,0.0,0.0,112.2,0.0,0.0,0.0,0.0,0.0,0.0,0.0,0.0,0.0,174.7,0.0,0.0,0.0,0.0
water&poison_psychic&fighting,0.0,0.0,0.0,0.0,-118.4,0.0,0.0,0.0,0.0,-61.0,-120.9,-125.1,0.0,0.0,0.0,0.0,0.0,0.0,0.0,0.0,0.0,0.0,0.0,0.0,0.0,0.0,0.0,0.0,0.0,0.0,0.0,0.0
water_psychic&fighting,0.0,0.0,-68.4,0.0,-32.1,0.0,0.0,0.0,0.0,67.7,0.0,-26.3,0.0,0.0,0.0,0.0,-79.2,0.0,0.0,0.0,0.0,0.0,0.0,0.0,0.0,-64.8,0.0,0.0,0.0,0.0,0.0,0.0
water_water&poison,0.0,0.0,-32.3,0.0,-45.4,0.0,0.0,0.0,0.0,-8.7,0.0,-5.6,0.0,0.0,0.0,0.0,-7.4,0.0,0.0,0.0,0.0,0.0,0.0,0.0,0.0,15.6,0.0,0.0,0.0,0.0,0.0,0.0
water_rock&dark,0.0,0.0,27.7,0.0,63.3,0.0,0.0,0.0,0.0,243.9,0.0,121.5,0.0,0.0,0.0,0.0,4.6,0.0,0.0,0.0,0.0,0.0,0.0,0.0,0.0,27.4,0.0,0.0,0.0,0.0,0.0,0.0
water&poison_rock&flying,0.0,-38.5,-31.2,0.0,-146.8,-23.0,0.0,0.0,-16.8,-120.2,-125.2,-95.2,-34.6,0.0,0.0,0.0,0.0,0.0,0.0,0.0,0.0,0.0,0.0,0.0,0.0,0.0,0.0,0.0,0.0,0.0,0.0,0.0
rock&dark_water,0.0,0.0,0.0,0.0,0.0,-105.9,0.0,0.0,0.0,-36.3,0.0,-33.9,0.0,0.0,0.0,0.0,0.0,0.0,0.0,0.0,0.0,-51.4,0.0,0.0,0.0,0.0,0.0,0.0,-87.3,118.7,0.0,0.0
steel&psychic_grass&fighting,318.0,262.2,176.6,96.8,21.8,0.0,0.0,0.0,0.0,0.0,0.0,0.0,454.5,0.0,0.0,36.2,-36.3,0.0,0.0,0.0,0.0,0.0,0.0,0.0,-5.6,0.0,0.0,0.0,0.0,0.0,0.0,0.0
psychic&fighting_ghost&dark,0.0,0.0,24.1,27.2,0.0,10.4,0.0,0.0,0.0,0.0,0.0,0.0,0.0,0.0,0.0,0.0,0.0,0.0,0.0,0.0,0.0,0.0,0.0,0.0,0.0,0.0,-5.1,19.0,0.0,0.0,0.0,0.0
psychic&fighting_normal,0.0,0.0,133.3,36.4,0.0,630.7,0.0,0.0,0.0,0.0,0.0,0.0,0.0,0.0,0.0,0.0,0.0,0.0,0.0,0.0,0.0,0.0,0.0,0.0,0.0,0.0,114.9,361.0,0.0,0.0,0.0,0.0
dark_rock&dark,0.0,0.0,0.0,0.0,-68.6,0.0,0.0,0.0,0.0,0.0,0.0,0.0,0.0,0.0,0.0,0.0,0.0,0.0,0.0,0.0,0.0,0.0,0.0,0.0,0.0,0.0,0.0,0.0,0.0,0.0,0.0,0.0
dark_grass,0.0,0.0,0.0,0.0,229.3,0.0,0.0,0.0,0.0,0.0,0.0,0.0,238.4,10.8,0.0,0.0,0.0,0.0,0.0,0.0,0.0,0.0,0.0,0.0,0.0,0.0,0.0,0.0,0.0,0.0,0.0,0.0
dark&ice_grass,0.0,0.0,17.2,0.0,-35.5,-47.7,10.2,0.0,0.0,0.0,0.0,0.0,0.0,-8.5,-35.4,0.0,0.0,0.0,0.0,0.0,0.0,0.0,0.0,0.0,0.0,0.0,0.0,0.0,0.0,0.0,0.0,0.0
poison&flying_steel,0.0,0.0,-56.4,0.0,0.0,0.0,0.0,0.0,0.0,0.0,0.0,0.0,33.2,-55.9,0.0,0.0,0.0,-34.5,0.0,0.0,0.0,0.0,0.0,0.0,0.0,0.0,0.0,0.0,0.0,0.0,0.0,0.0
rock&dark_rock&flying,0.0,0.0,0.0,0.0,0.0,-85.6,0.0,0.0,0.0,0.0,0.0,-11.4,0.0,0.0,0.0,0.0,0.0,0.0,0.0,0.0,0.0,-52.7,0.0,0.0,0.0,0.0,0.0,-24.6,-44.7,-58.0,0.0,0.0
rock&flying_grass,0.0,0.0,0.0,0.0,343.3,0.0,0.0,0.0,0.0,0.0,0.0,0.0,0.0,0.0,0.0,0.0,0.0,366.0,0.0,0.0,0.0,0.0,0.0,0.0,0.0,0.0,0.0,513.0,0.0,0.0,0.0,0.0
psychic&fighting_grass,0.0,0.0,-13.5,27.5,0.0,-88.9,0.0,0.0,0.0,0.0,0.0,0.0,0.0,0.0,0.0,0.0,0.0,0.0,0.0,0.0,0.0,0.0,0.0,0.0,0.0,0.0,3.5,-17.1,0.0,0.0,0.0,0.0
ghost&dark_grass&fighting,0.0,0.0,19.3,-4.1,-75.7,0.0,0.0,0.0,0.0,0.0,0.0,0.0,0.0,0.0,0.0,0.0,0.0,0.0,0.0,0.0,0.0,0.5,0.0,0.0,0.0,0.0,0.0,0.0,0.0,0.0,203.9,-86.4
ghost&dark_psychic,0.0,0.0,0.0,84.9,5.2,0.0,0.0,0.0,0.0,0.0,0.0,0.0,0.0,0.0,0.0,0.0,0.0,0.0,0.0,0.0,0.0,0.0,0.0,0.0,0.0,0.0,0.0,0.0,0.0,0.0,10.5,-9.3
ghost&dark_normal&flying,0.0,0.0,3.4,70.3,-83.8,0.0,-1.2,0.0,0.0,0.0,0.0,0.0,-25.4,0.0,0.0,0.0,0.0,0.0,0.0,0.0,0.0,-3.2,0.0,0.0,0.0,0.0,0.0,0.0,0.0,0.0,-28.6,-48.2
ghost&dark_bug&fighting,0.0,0.0,0.0,174.0,52.9,0.0,0.0,0.0,0.0,0.0,0.0,0.0,0.0,0.0,0.0,0.0,0.0,0.0,0.0,0.0,0.0,0.0,0.0,0.0,0.0,0.0,0.0,0.0,0.0,0.0,234.1,60.2
dark&ice_bug&fighting,0.0,0.0,17.7,0.0,-50.0,-3.5,14.1,0.0,0.0,0.0,0.0,0.0,0.0,-12.3,5.5,0.0,0.0,0.0,0.0,0.0,0.0,0.0,0.0,0.0,0.0,0.0,0.0,0.0,0.0,0.0,0.0,0.0
steel&psychic_bug&fighting,-132.0,-181.9,-152.8,-232.8,-220.8,0.0,0.0,0.0,0.0,0.0,0.0,0.0,-229.0,0.0,0.0,-150.2,-175.2,0.0,0.0,0.0,0.0,0.0,0.0,0.0,-138.4,0.0,0.0,0.0,0.0,0.0,0.0,0.0
psychic_fighting,0.0,0.0,699.5,0.0,0.0,0.0,0.0,0.0,0.0,0.0,0.0,0.0,104.1,7.8,0.0,0.0,0.0,0.0,2.3,0.0,0.0,0.0,0.0,0.0,0.0,0.0,0.0,0.0,0.0,0.0,0.0,0.0
grass&fighting_fighting,0.0,0.0,0.0,0.0,145.4,184.4,0.0,0.0,0.0,0.0,0.0,0.0,13.2,4.5,0.0,0.0,0.0,0.0,0.0,0.0,0.0,0.0,7.9,289.1,0.0,0.0,0.0,0.0,0.0,0.0,0.0,0.0
psychic_water&poison,0.0,0.0,776.7,0.0,0.0,0.0,0.0,0.0,0.0,0.0,0.0,0.0,22.2,71.5,0.0,0.0,0.0,0.0,-9.6,0.0,0.0,0.0,0.0,0.0,0.0,0.0,0.0,0.0,0.0,0.0,0.0,0.0
water&poison_fighting,0.0,0.0,0.0,0.0,-8.6,0.0,0.0,0.0,0.0,7.2,50.0,-8.8,0.0,0.0,0.0,0.0,0.0,0.0,0.0,0.0,0.0,0.0,0.0,0.0,0.0,0.0,0.0,0.0,0.0,0.0,0.0,0.0
normal&flying_fighting,0.0,0.0,0.0,0.0,57.9,0.0,0.0,631.9,10.1,0.0,0.0,0.0,0.0,0.0,0.0,0.0,0.0,0.0,0.0,0.0,0.0,0.0,0.0,0.0,0.0,0.0,0.0,0.0,0.0,0.0,0.0,0.0
fighting_bug&fighting,0.0,0.0,0.0,74.8,-13.6,-25.9,-30.0,0.0,0.0,0.0,0.0,0.0,0.0,0.0,0.0,0.0,0.0,0.0,0.0,0.0,0.0,0.0,0.0,0.0,0.0,0.0,0.0,0.0,0.0,0.0,0.0,0.0
bug&fighting_water,0.0,0.0,18.0,0.0,9.2,61.6,0.0,0.0,0.0,0.0,0.0,0.0,123.2,0.0,0.0,0.0,0.0,0.0,0.0,0.0,0.0,0.0,0.0,0.0,0.0,0.0,0.0,0.0,0.0,0.0,0.0,0.0
bug&fighting_normal&flying,0.0,0.0,-65.7,0.0,-53.1,224.0,0.0,0.0,0.0,0.0,0.0,0.0,-44.5,0.0,0.0,0.0,0.0,0.0,0.0,0.0,0.0,0.0,0.0,0.0,0.0,0.0,0.0,0.0,0.0,0.0,0.0,0.0
normal&flying_dark,0.0,0.0,135.6,0.0,379.2,0.0,0.0,754.7,290.8,0.0,0.0,0.0,0.0,0.0,0.0,0.0,0.0,0.0,0.0,0.0,0.0,0.0,0.0,0.0,0.0,0.0,0.0,0.0,0.0,0.0,0.0,0.0
normal&flying_poison&flying,0.0,0.0,37.8,-4.0,-21.6,-21.1,0.0,15.6,-17.5,-12.8,-12.6,-11.0,0.0,0.0,0.0,0.0,0.0,0.0,0.0,0.0,0.0,0.0,0.0,0.0,0.0,0.0,0.0,0.0,0.0,0.0,0.0,0.0
normal&flying_ground&psychic,0.0,0.0,0.0,0.0,24.2,0.0,0.0,104.2,-4.9,0.0,0.0,0.0,0.0,0.0,0.0,0.0,0.0,0.0,0.0,0.0,0.0,0.0,0.0,0.0,0.0,0.0,0.0,0.0,0.0,0.0,0.0,0.0
water_poison&flying,-17.7,0.0,-101.6,0.0,-104.3,-42.0,-9.6,-11.5,0.0,8.0,-32.3,-45.6,0.0,0.0,0.0,-9.6,-34.8,0.0,0.0,0.0,0.0,-0.3,0.0,0.0,0.0,-100.5,0.0,-20.9,0.0,0.0,0.0,0.0
water_dark,0.0,0.0,243.2,0.0,118.1,1.3,0.0,0.0,0.0,116.4,0.0,566.1,0.0,0.0,0.0,0.0,113.2,0.0,0.0,0.0,0.0,0.0,0.0,0.0,0.0,123.6,42.7,0.0,42.4,0.0,0.0,0.0
water&dragon_water&dragon,0.0,0.0,22.0,0.0,0.0,0.0,0.0,0.0,0.0,0.0,0.0,-68.9,0.0,0.0,0.0,0.0,0.0,0.0,0.0,0.0,37.0,0.0,0.0,0.0,0.0,0.0,0.0,0.0,0.0,0.0,0.0,0.0
water&dragon_steel,0.0,0.0,-32.1,0.0,0.0,0.0,0.0,0.0,0.0,0.0,0.0,-0.4,0.0,0.0,0.0,0.0,0.0,0.0,0.0,0.0,-105.3,0.0,0.0,0.0,0.0,0.0,0.0,0.0,0.0,0.0,0.0,0.0
grass_ice&ground,0.0,5.5,0.0,0.0,0.0,0.0,-3.7,0.0,0.0,0.0,0.0,0.0,0.0,0.0,0.0,22.1,0.0,0.0,0.0,0.0,0.0,0.0,0.0,-7.3,0.0,0.0,0.0,0.0,0.0,0.0,0.0,0.0
grass_normal,0.0,12.3,0.1,0.0,0.0,0.0,9.0,0.0,0.0,0.0,0.0,0.0,0.0,0.0,0.0,14.4,0.0,0.0,0.0,0.0,0.0,0.0,0.0,6.4,0.0,0.0,0.0,0.0,0.0,0.0,0.0,0.0
grass_grass,0.0,24.2,0.0,0.0,0.0,0.0,35.0,0.0,0.0,0.0,0.0,0.0,0.0,0.0,0.0,39.0,0.0,0.0,0.0,0.0,38.4,0.0,0.0,30.9,0.0,0.0,0.0,0.0,0.0,0.0,0.0,0.0
steel_grass,0.0,0.0,-1.9,0.0,0.0,0.0,0.0,0.0,0.0,0.0,0.0,0.0,0.0,0.0,68.5,0.0,0.0,0.0,-20.3,0.0,0.0,0.0,-20.3,23.8,0.0,0.0,0.0,0.0,0.0,0.0,0.0,0.0
fire&flying_fire&flying,0.0,0.0,89.3,0.0,48.8,0.0,0.0,0.0,0.0,0.0,0.0,0.0,0.0,0.0,0.0,0.0,0.0,42.6,0.0,0.0,0.0,46.4,42.0,0.0,0.0,0.0,0.0,0.0,0.0,0.0,0.0,0.0
water&dragon_poison&flying,0.0,0.0,-78.8,0.0,0.0,0.0,0.0,0.0,0.0,0.0,0.0,-61.5,0.0,0.0,0.0,0.0,0.0,0.0,0.0,0.0,-7.4,0.0,0.0,0.0,0.0,0.0,0.0,0.0,0.0,0.0,0.0,0.0
steel&psychic_fighting,155.6,216.0,17.2,140.5,189.8,0.0,0.0,0.0,0.0,0.0,0.0,0.0,310.5,0.0,0.0,208.1,44.6,0.0,0.0,0.0,0.0,0.0,0.0,0.0,301.2,0.0,0.0,0.0,0.0,0.0,0.0,0.0
psychic&fighting_water&poison,0.0,0.0,72.2,3.9,0.0,119.4,0.0,0.0,0.0,0.0,0.0,0.0,0.0,0.0,0.0,0.0,0.0,0.0,0.0,0.0,0.0,0.0,0.0,0.0,0.0,0.0,122.6,149.1,0.0,0.0,0.0,0.0
rock&flying_water&dragon,0.0,0.0,0.0,0.0,-38.0,0.0,0.0,0.0,0.0,0.0,0.0,0.0,0.0,0.0,0.0,0.0,0.0,111.9,0.0,0.0,0.0,0.0,0.0,0.0,0.0,0.0,0.0,315.3,0.0,0.0,0.0,0.0
water_water&dragon,0.0,0.0,-38.7,0.0,86.3,0.0,0.0,0.0,0.0,-40.5,0.0,-70.4,0.0,0.0,0.0,0.0,-71.4,0.0,0.0,0.0,0.0,0.0,0.0,0.0,0.0,-73.4,0.0,0.0,0.0,0.0,0.0,0.0
bug&fighting_steel&psychic,0.0,0.0,-31.1,0.0,39.7,135.2,0.0,0.0,0.0,0.0,0.0,0.0,46.0,0.0,0.0,0.0,0.0,0.0,0.0,0.0,0.0,0.0,0.0,0.0,0.0,0.0,0.0,0.0,0.0,0.0,0.0,0.0
bug&fighting_dark&ice,0.0,0.0,-117.5,0.0,-123.2,-125.0,0.0,0.0,0.0,0.0,-23.8,0.0,-109.7,0.0,0.0,0.0,0.0,0.0,0.0,0.0,0.0,0.0,0.0,0.0,0.0,0.0,0.0,0.0,0.0,0.0,0.0,0.0
fighting_psychic,0.0,0.0,0.0,-168.4,-199.1,-215.6,-276.0,0.0,0.0,0.0,0.0,0.0,0.0,0.0,0.0,0.0,0.0,0.0,0.0,0.0,0.0,0.0,0.0,0.0,0.0,0.0,0.0,0.0,0.0,0.0,0.0,0.0
bug&fighting_normal,0.0,0.0,65.8,0.0,71.0,486.1,0.0,0.0,0.0,0.0,0.0,0.0,39.1,0.0,0.0,0.0,0.0,0.0,0.0,0.0,0.0,0.0,0.0,0.0,0.0,0.0,0.0,0.0,0.0,0.0,0.0,0.0
psychic_dark&ice,0.0,0.0,-143.8,0.0,0.0,-25.6,0.0,0.0,0.0,0.0,0.0,0.0,-166.3,-168.9,0.0,0.0,0.0,0.0,-162.1,0.0,0.0,0.0,0.0,0.0,0.0,0.0,0.0,0.0,0.0,0.0,0.0,0.0
fire&flying_water&dragon,0.0,0.0,0.0,0.0,-84.2,0.0,0.0,0.0,0.0,0.0,0.0,0.0,0.0,0.0,0.0,0.0,0.0,-17.0,0.0,0.0,0.0,-75.0,-60.5,0.0,0.0,0.0,0.0,0.0,0.0,0.0,0.0,0.0
fire&flying_ice&ground,0.0,0.0,99.2,0.0,2.0,0.0,0.0,0.0,0.0,0.0,0.0,0.0,0.0,0.0,0.0,0.0,0.0,10.9,0.0,0.0,0.0,382.0,67.5,0.0,0.0,0.0,0.0,0.0,0.0,0.0,0.0,0.0
fire&flying_normal,0.0,0.0,93.1,0.0,150.1,0.0,0.0,0.0,0.0,0.0,0.0,0.0,0.0,0.0,0.0,0.0,0.0,151.7,0.0,0.0,0.0,188.2,285.3,0.0,0.0,0.0,0.0,0.0,0.0,0.0,0.0,0.0
grass_fire&flying,0.0,-255.8,0.0,0.0,0.0,0.0,-244.9,0.0,0.0,0.0,0.0,0.0,0.0,0.0,0.0,-228.0,0.0,0.0,0.0,0.0,0.0,0.0,0.0,-230.0,0.0,0.0,0.0,0.0,0.0,0.0,0.0,0.0
steel_fire&flying,0.0,0.0,-24.2,0.0,0.0,0.0,0.0,0.0,0.0,0.0,0.0,0.0,0.0,0.0,-33.7,0.0,0.0,0.0,-33.9,0.0,0.0,0.0,64.7,0.0,0.0,0.0,0.0,0.0,0.0,0.0,0.0,0.0
ice&ground_rock&flying,0.0,-7.2,-16.3,0.0,0.0,0.0,0.0,0.0,0.0,0.0,0.0,0.0,0.0,0.0,273.2,0.0,0.0,0.0,16.4,0.0,0.0,-32.4,0.0,0.0,0.0,0.0,0.0,0.0,0.0,0.0,0.0,0.0
grass_rock&flying,0.0,39.7,5.2,0.0,0.0,0.0,35.3,0.0,0.0,0.0,0.0,0.0,0.0,0.0,0.0,26.1,0.0,0.0,0.0,0.0,0.0,0.0,9.6,23.6,0.0,0.0,0.0,0.0,0.0,0.0,0.0,0.0
grass_rock&dark,0.0,-56.6,0.0,0.0,0.0,0.0,-73.8,0.0,0.0,0.0,0.0,0.0,0.0,0.0,0.0,-41.3,0.0,0.0,0.0,0.0,0.0,0.0,0.0,-41.0,0.0,0.0,0.0,0.0,0.0,0.0,0.0,0.0
fire&flying_rock&flying,0.0,0.0,0.0,0.0,-68.2,0.0,0.0,0.0,0.0,0.0,0.0,-12.7,0.0,0.0,0.0,-3.3,0.0,-27.6,0.0,0.0,0.0,-88.3,-94.2,0.0,0.0,0.0,0.0,0.0,0.0,0.0,0.0,0.0
steel_rock&flying,0.0,0.0,220.2,0.0,0.0,-0.5,0.0,0.0,0.0,0.0,0.0,0.0,0.0,0.0,14.8,0.0,0.0,0.0,34.4,0.0,0.0,0.0,0.4,0.0,0.0,0.0,0.0,0.0,0.0,0.0,0.0,0.0
bug&fighting_psychic,0.0,0.0,-206.9,0.0,-206.7,-180.4,0.0,0.0,0.0,0.0,0.0,0.0,-184.2,0.0,0.0,0.0,0.0,0.0,0.0,0.0,0.0,0.0,0.0,0.0,0.0,0.0,0.0,0.0,0.0,0.0,0.0,0.0
ghost&dark_steel,0.0,0.0,0.0,-29.1,-49.0,0.0,0.0,0.0,0.0,0.0,0.0,0.0,0.0,0.0,0.0,0.0,0.0,0.0,0.0,0.0,0.0,0.0,0.0,0.0,0.0,0.0,0.0,0.0,0.0,0.0,-35.0,-47.7
grass&fighting_fire&flying,0.0,0.0,-34.9,-83.3,-155.0,-18.4,-63.4,0.0,0.0,0.0,0.0,0.0,0.0,-36.0,-38.4,0.0,0.0,0.0,0.0,0.0,0.0,-52.0,0.0,-102.6,0.0,0.0,0.0,0.0,0.0,0.0,-82.7,0.0
psychic_fire&flying,0.0,0.0,671.4,0.0,0.0,0.0,0.0,0.0,0.0,0.0,0.0,0.0,1.6,70.2,0.0,0.0,0.0,0.0,82.5,0.0,0.0,0.0,0.0,0.0,0.0,0.0,0.0,0.0,0.0,0.0,0.0,0.0
ground&psychic_fire&flying,0.0,0.0,-36.7,0.0,0.0,0.0,0.0,0.0,0.0,0.0,0.0,0.0,0.0,0.0,0.0,0.0,0.0,0.0,6.6,-33.2,0.0,0.0,0.0,0.0,0.0,0.0,0.0,0.0,0.0,0.0,0.0,0.0
ground&psychic_steel,0.0,0.0,11.8,0.0,0.0,0.0,0.0,0.0,0.0,0.0,0.0,0.0,0.0,0.0,0.0,0.0,0.0,0.0,51.3,31.3,0.0,0.0,0.0,0.0,0.0,0.0,0.0,0.0,0.0,0.0,0.0,0.0
psychic&grass_steel,0.0,0.0,0.0,-86.4,0.0,0.0,0.0,0.0,0.0,0.0,0.0,0.0,79.8,0.0,0.0,-45.5,-29.7,0.0,0.0,0.0,0.0,0.0,0.0,0.0,0.0,0.0,0.0,0.0,0.0,0.0,0.0,0.0
normal&flying_psychic&fighting,0.0,0.0,0.0,0.0,-96.4,-24.0,0.0,-50.1,-91.6,0.0,0.0,0.0,0.0,0.0,0.0,0.0,0.0,0.0,0.0,0.0,0.0,0.0,0.0,0.0,0.0,0.0,0.0,0.0,0.0,0.0,0.0,0.0
bug&fighting_rock&flying,0.0,0.0,-110.6,0.0,-122.8,-74.6,0.0,0.0,0.0,-69.0,0.0,0.0,-102.1,0.0,0.0,0.0,0.0,0.0,0.0,0.0,0.0,0.0,0.0,0.0,0.0,0.0,0.0,0.0,0.0,0.0,0.0,0.0
bug&fighting_rock&dark,0.0,0.0,-4.1,0.0,8.4,13.2,0.0,0.0,0.0,0.0,0.0,0.0,133.8,0.0,0.0,0.0,0.0,0.0,0.0,0.0,0.0,0.0,0.0,0.0,0.0,0.0,0.0,0.0,0.0,0.0,0.0,0.0
psychic&fighting_psychic,0.0,0.0,12.5,-44.3,0.0,-44.0,0.0,0.0,0.0,0.0,0.0,0.0,0.0,0.0,0.0,0.0,0.0,0.0,0.0,0.0,0.0,0.0,0.0,0.0,0.0,0.0,-26.0,-11.5,0.0,0.0,0.0,0.0
water&poison_ground&psychic,0.0,0.0,0.0,0.0,-143.0,0.0,0.0,0.0,0.0,5.5,-103.7,-106.3,0.0,0.0,0.0,0.0,0.0,0.0,0.0,0.0,0.0,0.0,0.0,0.0,0.0,0.0,0.0,0.0,0.0,0.0,0.0,0.0
psychic&fighting_poison&flying,0.0,0.0,0.0,-48.0,0.0,-11.2,0.0,0.0,0.0,0.0,0.0,0.0,0.0,0.0,0.0,0.0,0.0,0.0,0.0,0.0,0.0,0.0,0.0,0.0,0.0,0.0,242.8,120.6,0.0,0.0,0.0,0.0
psychic&fighting_psychic&grass,0.0,0.0,0.2,-31.3,0.0,-28.1,0.0,0.0,0.0,0.0,0.0,0.0,0.0,0.0,0.0,0.0,0.0,0.0,0.0,0.0,0.0,0.0,0.0,0.0,0.0,0.0,-44.2,118.6,0.0,0.0,0.0,0.0
psychic&fighting_dark&ice,0.0,0.0,3.7,15.9,0.0,96.7,0.0,0.0,0.0,0.0,0.0,0.0,0.0,0.0,0.0,0.0,0.0,0.0,0.0,0.0,0.0,0.0,0.0,0.0,0.0,0.0,55.4,164.9,0.0,0.0,0.0,0.0
psychic&fighting_dark,0.0,0.0,267.2,547.5,0.0,174.2,0.0,0.0,0.0,0.0,0.0,0.0,0.0,0.0,0.0,0.0,0.0,0.0,0.0,0.0,0.0,0.0,0.0,0.0,0.0,0.0,88.4,352.0,0.0,0.0,0.0,0.0
psychic&fighting_ground&psychic,0.0,0.0,0.0,-23.2,0.0,-20.5,0.0,0.0,0.0,0.0,0.0,0.0,0.0,0.0,0.0,0.0,0.0,0.0,0.0,0.0,0.0,0.0,0.0,0.0,0.0,0.0,-11.7,-2.7,0.0,0.0,0.0,0.0
rock&flying_dark,0.0,0.0,275.6,0.0,182.0,0.0,0.0,0.0,0.0,0.0,0.0,0.0,0.0,0.0,0.0,0.0,0.0,342.9,0.0,0.0,0.0,0.0,0.0,0.0,0.0,31.0,0.0,348.5,0.0,0.0,0.0,0.0
rock&flying_psychic&grass,0.0,0.0,116.4,0.0,183.8,0.0,0.0,0.0,0.0,0.0,0.0,0.0,0.0,0.0,0.0,0.0,0.0,186.1,0.0,0.0,0.0,0.0,0.0,0.0,0.0,0.0,0.0,271.9,0.0,0.0,0.0,0.0
rock&dark_psychic&grass,0.0,0.0,0.0,0.0,0.0,-149.6,0.0,0.0,0.0,-25.0,0.0,0.0,0.0,0.0,0.0,0.0,-14.4,0.0,0.0,0.0,0.0,-155.0,0.0,0.0,0.0,0.0,0.0,0.0,-124.7,-107.2,0.0,0.0
rock&dark_dark,0.0,0.0,0.0,0.0,0.0,194.3,0.0,0.0,0.0,0.0,0.0,0.0,0.0,0.0,0.0,0.0,0.0,0.0,0.0,0.0,0.0,99.8,0.0,0.0,0.0,0.0,0.0,0.0,73.7,356.9,0.0,0.0
ground&psychic_psychic,0.0,0.0,45.2,0.0,0.0,0.0,0.0,0.0,0.0,0.0,0.0,0.0,0.0,0.0,0.0,0.0,0.0,0.0,-9.8,-8.3,0.0,0.0,0.0,0.0,0.0,0.0,0.0,0.0,0.0,0.0,0.0,0.0
psychic&grass_grass&fighting,0.0,0.0,0.0,220.2,95.8,0.0,0.0,0.0,0.0,0.0,0.0,0.0,463.2,0.0,0.0,272.3,476.7,0.0,0.0,0.0,0.0,0.0,0.0,0.0,0.0,0.0,0.0,0.0,0.0,0.0,0.0,0.0
poison&flying_grass&fighting,0.0,0.0,121.8,0.0,0.0,0.0,0.0,0.0,0.0,0.0,0.0,0.0,120.8,128.2,0.0,0.0,0.0,110.0,0.0,0.0,0.0,0.0,0.0,0.0,0.0,0.0,0.0,0.0,0.0,0.0,0.0,0.0
water&poison_rock&dark,0.0,0.0,0.0,0.0,-6.8,0.0,0.0,0.0,0.0,60.4,152.4,53.3,0.0,0.0,0.0,0.0,0.0,0.0,0.0,0.0,0.0,0.0,0.0,0.0,0.0,0.0,0.0,0.0,0.0,0.0,0.0,0.0
rock&flying_rock&dark,0.0,0.0,0.0,0.0,95.0,0.0,0.0,0.0,0.0,0.0,0.0,0.0,0.0,0.0,0.0,0.0,0.0,134.3,0.0,0.0,0.0,0.0,0.0,0.0,0.0,0.0,0.0,417.1,0.0,0.0,0.0,0.0
psychic&fighting_water,0.0,0.0,29.9,0.2,0.0,52.7,0.0,0.0,0.0,0.0,0.0,0.0,0.0,0.0,0.0,0.0,0.0,0.0,0.0,0.0,0.0,0.0,0.0,0.0,0.0,0.0,131.6,30.4,0.0,0.0,0.0,0.0
ghost&dark_poison&flying,0.0,0.0,-42.3,-63.5,-65.6,-13.1,-22.2,0.0,0.0,0.0,0.0,0.0,-82.0,0.0,0.0,0.0,0.0,0.0,0.0,0.0,0.0,-9.2,0.0,0.0,0.0,0.0,0.0,0.0,0.0,0.0,-60.3,-72.0
ghost&dark_dark,0.0,0.0,33.2,95.4,114.9,0.0,70.5,0.0,0.0,0.0,0.0,0.0,-41.9,0.0,75.2,0.0,0.0,0.0,0.0,0.0,0.0,77.0,0.0,0.0,0.0,0.0,0.0,0.0,0.0,0.0,100.4,57.4
ghost&dark_psychic&grass,0.0,0.0,-34.4,-85.0,-77.0,0.0,-8.5,0.0,0.0,0.0,0.0,0.0,-16.7,0.0,0.0,0.0,0.0,0.0,0.0,0.0,0.0,0.0,0.0,0.0,0.0,0.0,0.0,0.0,0.0,0.0,-10.0,-83.6
normal_ghost&dark,0.0,0.0,1070.7,0.0,1669.2,1756.1,0.0,0.0,1780.0,0.0,0.0,0.0,0.0,0.0,0.0,0.0,0.0,0.0,0.0,0.0,0.0,919.7,835.5,1694.9,0.0,0.0,0.0,0.0,0.0,0.0,0.0,0.0
dark&ice_ground&psychic,0.0,0.0,-44.5,0.0,28.8,-33.2,45.4,0.0,0.0,0.0,0.0,0.0,0.0,-27.6,122.1,0.0,0.0,0.0,0.0,0.0,0.0,0.0,0.0,0.0,0.0,0.0,0.0,0.0,0.0,0.0,0.0,0.0
psychic&grass_ground&psychic,0.0,0.0,0.0,35.4,0.0,0.0,0.0,0.0,0.0,0.0,0.0,0.0,38.2,0.0,0.0,131.2,31.2,0.0,0.0,0.0,0.0,0.0,0.0,0.0,0.0,0.0,0.0,0.0,0.0,0.0,0.0,0.0
ground&psychic_grass&fighting,0.0,0.0,54.9,0.0,0.0,0.0,0.0,0.0,0.0,0.0,0.0,0.0,0.0,0.0,0.0,0.0,0.0,0.0,2.5,22.8,0.0,0.0,0.0,0.0,0.0,0.0,0.0,0.0,0.0,0.0,0.0,0.0
steel&psychic_psychic,-81.5,-106.0,-34.7,-57.2,-15.7,0.0,0.0,0.0,0.0,0.0,-9.3,0.0,-26.7,0.0,-20.5,-69.7,-86.0,0.0,0.0,0.0,0.0,0.0,0.0,0.0,-84.5,0.0,0.0,0.0,0.0,0.0,0.0,0.0
grass_psychic&fighting,0.0,-20.6,0.0,0.0,0.0,0.0,-29.5,0.0,0.0,0.0,0.0,0.0,0.0,0.0,0.0,32.7,0.0,0.0,0.0,0.0,0.0,0.0,0.0,-25.9,0.0,0.0,0.0,0.0,0.0,0.0,0.0,0.0
water&dragon_grass,0.0,0.0,-21.3,0.0,0.0,0.0,0.0,0.0,0.0,0.0,0.0,-23.2,0.0,0.0,0.0,0.0,0.0,0.0,0.0,0.0,19.8,0.0,0.0,0.0,0.0,0.0,0.0,0.0,0.0,0.0,0.0,0.0
water&dragon_fire&flying,0.0,0.0,12.4,0.0,0.0,0.0,0.0,0.0,0.0,0.0,0.0,0.0,0.0,0.0,0.0,0.0,0.0,0.0,0.0,0.0,122.1,0.0,0.0,0.0,0.0,0.0,0.0,0.0,0.0,0.0,0.0,0.0
ice&ground_normal,0.0,166.4,139.4,0.0,0.0,0.0,0.0,0.0,0.0,0.0,0.0,0.0,0.0,0.0,172.3,0.0,0.0,0.0,184.0,0.0,0.0,0.0,0.0,0.0,0.0,0.0,0.0,0.0,0.0,0.0,0.0,0.0
ice&ground_ice&ground,0.0,-91.4,-76.5,0.0,0.0,0.0,0.0,0.0,0.0,0.0,0.0,0.0,0.0,0.0,-78.5,0.0,0.0,0.0,-89.2,0.0,0.0,0.0,0.0,0.0,0.0,0.0,0.0,0.0,0.0,0.0,0.0,0.0
ice&ground_steel,0.0,-43.2,-45.5,0.0,0.0,0.0,0.0,0.0,0.0,0.0,0.0,0.0,0.0,0.0,-44.4,0.0,0.0,0.0,-52.4,0.0,0.0,0.0,0.0,0.0,0.0,0.0,0.0,0.0,0.0,0.0,0.0,0.0
ice&ground_fire&flying,0.0,-53.7,-52.2,0.0,0.0,0.0,0.0,0.0,0.0,0.0,0.0,0.0,0.0,0.0,-60.7,0.0,0.0,0.0,-53.0,0.0,0.0,0.0,0.0,0.0,0.0,0.0,0.0,0.0,0.0,0.0,0.0,0.0
fire&flying_steel,0.0,0.0,0.0,0.0,72.5,0.0,0.0,0.0,0.0,0.0,0.0,0.0,0.0,0.0,0.0,0.0,0.0,1.2,0.0,0.0,0.0,141.4,14.3,0.0,0.0,0.0,0.0,0.0,0.0,0.0,0.0,0.0
bug&fighting_psychic&fighting,0.0,0.0,-81.3,0.0,-65.3,-63.2,0.0,0.0,0.0,0.0,0.0,0.0,-62.6,0.0,0.0,0.0,0.0,0.0,0.0,0.0,0.0,0.0,0.0,0.0,0.0,0.0,0.0,0.0,0.0,0.0,0.0,0.0
normal&flying_normal&flying,0.6,17.4,21.5,1.2,97.4,19.9,0.0,87.7,9.0,6.3,0.0,0.0,16.7,0.0,0.0,0.0,0.0,0.0,0.0,0.0,0.0,0.0,0.0,0.0,0.0,0.0,0.0,0.0,0.0,0.0,0.0,0.0
normal&flying_psychic,0.0,0.0,35.4,0.0,-173.0,0.0,0.0,-153.7,-190.1,0.0,0.0,0.0,0.0,0.0,0.0,0.0,0.0,0.0,0.0,0.0,0.0,0.0,0.0,0.0,0.0,0.0,0.0,0.0,0.0,0.0,0.0,0.0
water_ground&psychic,0.0,0.0,3.3,0.0,-3.3,0.0,0.0,0.0,0.0,78.3,0.0,-13.7,0.0,0.0,0.0,0.0,117.3,0.0,0.0,0.0,0.0,0.0,0.0,0.0,0.0,4.5,0.0,0.0,0.0,0.0,0.0,0.0
fighting_ground&psychic,0.0,0.0,0.0,11.1,-16.1,36.7,8.3,0.0,0.0,0.0,0.0,0.0,0.0,0.0,0.0,0.0,0.0,0.0,0.0,0.0,0.0,0.0,0.0,0.0,0.0,0.0,0.0,0.0,0.0,0.0,0.0,0.0
psychic&fighting_ice&ground,0.0,0.0,7.1,-52.4,0.0,-56.8,0.0,0.0,0.0,0.0,0.0,0.0,0.0,0.0,0.0,0.0,0.0,0.0,0.0,0.0,0.0,0.0,0.0,0.0,0.0,0.0,-57.0,-61.4,0.0,0.0,0.0,0.0
dark_psychic&fighting,0.0,0.0,0.0,0.0,-103.7,0.0,0.0,0.0,0.0,0.0,0.0,0.0,0.0,0.0,0.0,0.0,0.0,0.0,0.0,0.0,0.0,0.0,0.0,0.0,0.0,0.0,0.0,0.0,0.0,0.0,0.0,0.0
bug&fighting_steel,0.0,0.0,-13.6,0.0,15.3,62.9,0.0,0.0,0.0,0.0,0.0,0.0,-20.3,0.0,0.0,0.0,0.0,0.0,0.0,0.0,0.0,0.0,0.0,0.0,0.0,0.0,0.0,0.0,0.0,0.0,0.0,0.0
fighting_grass,0.0,0.0,0.0,204.9,167.9,307.8,99.0,0.0,0.0,0.0,0.0,0.0,0.0,0.0,0.0,0.0,0.0,0.0,0.0,0.0,0.0,0.0,0.0,0.0,0.0,0.0,0.0,0.0,0.0,0.0,0.0,0.0
fighting_ice&ground,0.0,0.0,0.0,-92.1,-80.9,-95.1,-76.8,0.0,0.0,0.0,0.0,0.0,0.0,0.0,0.0,0.0,0.0,0.0,0.0,0.0,0.0,0.0,0.0,0.0,0.0,0.0,0.0,0.0,0.0,0.0,0.0,0.0
dark&ice_fighting,0.0,0.0,-56.3,0.0,-79.4,-76.1,-74.4,0.0,0.0,0.0,0.0,0.0,14.9,-89.1,-7.4,0.0,0.0,0.0,0.0,0.0,0.0,0.0,0.0,0.0,0.0,0.0,0.0,0.0,0.0,0.0,0.0,0.0
psychic_normal&flying,0.0,0.0,818.1,0.0,0.0,0.0,0.0,0.0,0.0,0.0,0.0,0.0,25.7,-15.9,0.0,0.0,0.0,0.0,-5.7,0.0,0.0,0.0,0.0,0.0,0.0,0.0,0.0,0.0,0.0,0.0,0.0,0.0
ghost&dark_water&poison,0.0,0.0,0.0,134.1,-18.9,0.0,0.0,0.0,0.0,0.0,0.0,0.0,0.0,0.0,0.0,0.0,0.0,0.0,0.0,0.0,0.0,0.0,-4.9,0.0,0.0,0.0,0.0,0.0,0.0,0.0,-37.8,-46.9
dark_grass&fighting,0.0,0.0,31.6,0.0,-28.9,0.0,0.0,0.0,0.0,0.0,0.0,0.0,-19.8,0.0,0.0,0.0,0.0,0.0,0.0,0.0,0.0,0.0,0.0,0.0,0.0,0.0,0.0,0.0,0.0,0.0,0.0,0.0
normal&flying_water,0.0,0.9,0.0,0.0,104.6,0.0,0.0,380.0,124.1,0.0,16.9,0.0,0.0,0.0,0.0,0.0,0.0,0.0,0.0,0.0,0.0,0.0,0.0,0.0,0.0,0.0,0.0,0.0,0.0,0.0,0.0,0.0
normal&flying_water&poison,0.0,0.0,0.0,0.0,87.2,0.0,0.0,75.5,160.2,0.0,0.0,0.0,0.0,0.0,0.0,0.0,0.0,0.0,0.0,0.0,0.0,0.0,0.0,0.0,0.0,0.0,0.0,0.0,0.0,0.0,0.0,0.0
fighting_fighting,0.0,2.4,-2.9,46.8,-31.7,207.8,-5.9,0.0,0.0,1.1,0.4,0.0,0.0,0.0,0.0,0.0,0.0,0.0,0.0,0.0,0.0,0.0,0.0,0.0,0.0,0.0,0.0,0.0,0.0,0.0,0.0,0.0
water&poison_normal&flying,0.0,0.0,0.0,0.0,-8.6,0.0,0.0,0.0,0.0,40.4,115.7,13.2,0.0,0.0,0.0,0.0,0.0,0.0,0.0,0.0,0.0,0.0,0.0,0.0,0.0,0.0,0.0,0.0,0.0,0.0,0.0,0.0
psychic&grass_dark,0.0,0.0,114.3,377.7,0.0,0.0,0.0,0.0,0.0,0.0,0.0,0.0,234.8,0.0,0.0,72.5,119.2,0.0,0.0,0.0,0.0,0.0,0.0,0.0,0.0,0.0,0.0,0.0,0.0,0.0,0.0,0.0
rock&flying_rock&flying,0.0,0.0,0.0,0.0,-11.4,0.0,0.0,0.0,0.0,4.2,0.0,0.0,0.0,0.0,0.0,0.0,0.0,149.0,0.0,0.0,0.0,0.0,0.0,0.0,0.0,0.0,0.0,184.9,0.0,0.0,0.0,0.0
psychic&fighting_grass&fighting,0.0,0.0,81.7,23.6,0.0,252.9,0.0,0.0,0.0,0.0,0.0,0.0,0.0,0.0,0.0,0.0,0.0,0.0,0.0,0.0,0.0,0.0,0.0,0.0,0.0,0.0,92.8,153.9,0.0,0.0,0.0,0.0
steel_rock&dark,0.0,0.0,-67.1,0.0,0.0,0.0,0.0,0.0,0.0,0.0,0.0,0.0,0.0,0.0,-21.3,0.0,0.0,0.0,-34.3,0.0,0.0,0.0,-73.0,0.0,0.0,0.0,0.0,0.0,0.0,0.0,0.0,0.0
ice&ground_steel&psychic,0.0,548.6,44.9,0.0,0.0,0.0,0.0,0.0,0.0,0.0,0.0,0.0,0.0,0.0,-6.8,0.0,0.0,0.0,65.9,0.0,0.0,0.0,0.0,0.0,0.0,0.0,0.0,0.0,0.0,0.0,0.0,0.0
ice&ground_grass&fighting,0.0,-18.8,-58.8,0.0,0.0,0.0,0.0,0.0,0.0,0.0,0.0,0.0,0.0,0.0,206.3,0.0,0.0,0.0,-22.8,0.0,0.0,0.0,0.0,0.0,0.0,0.0,0.0,0.0,0.0,0.0,0.0,0.0
ice&ground_dark&ice,0.0,-77.2,-73.3,0.0,0.0,0.0,0.0,0.0,0.0,0.0,0.0,0.0,0.0,0.0,-22.6,0.0,0.0,0.0,-100.9,0.0,0.0,0.0,0.0,0.0,0.0,0.0,0.0,0.0,0.0,0.0,0.0,0.0
fire&flying_grass&fighting,0.0,0.0,0.0,0.0,61.3,0.0,0.0,0.0,0.0,0.0,0.0,0.0,0.0,0.0,0.0,0.0,0.0,126.2,0.0,0.0,0.0,759.6,104.1,0.0,0.0,0.0,0.0,0.0,0.0,0.0,0.0,0.0
psychic&fighting_normal&flying,0.0,0.0,0.0,-9.2,0.0,75.2,0.0,0.0,0.0,0.0,0.0,0.0,0.0,0.0,0.0,0.0,0.0,0.0,0.0,0.0,0.0,0.0,0.0,0.0,0.0,0.0,130.6,-17.0,0.0,0.0,0.0,0.0
rock&dark_normal&flying,-8.0,0.0,0.0,0.0,0.0,-52.2,0.0,0.0,0.0,0.0,0.0,-5.3,0.0,0.0,0.0,0.0,-26.5,0.0,0.0,0.0,0.0,2.7,0.0,0.0,-7.4,-24.5,-20.6,-30.0,79.7,-38.3,0.0,0.0
rock&dark_water&poison,0.0,0.0,0.0,0.0,0.0,-158.4,0.0,0.0,0.0,0.0,0.0,0.0,0.0,0.0,0.0,0.0,0.0,0.0,0.0,0.0,0.0,-167.0,0.0,0.0,-29.2,0.0,0.0,0.0,-154.4,-142.6,0.0,0.0
rock&flying_fighting,0.0,0.0,0.0,0.0,165.5,0.0,0.0,0.0,0.0,2.6,0.0,0.0,0.0,0.0,0.0,0.0,0.0,3.0,0.0,0.0,0.0,0.0,0.0,0.0,0.0,0.0,0.0,307.7,0.0,0.0,0.0,0.0
rock&dark_poison&flying,-30.2,0.0,0.0,0.0,0.0,-143.0,0.0,0.0,0.0,-78.1,0.0,-18.4,0.0,0.0,0.0,0.0,0.0,0.0,0.0,0.0,0.0,-105.5,0.0,0.0,0.0,0.0,0.0,-32.5,-113.2,-137.5,0.0,0.0
rock&flying_poison&flying,0.0,0.0,-18.9,0.0,-75.3,-6.7,0.0,0.0,0.0,-12.6,-7.1,0.0,0.0,0.0,0.0,-24.3,0.0,-84.8,0.0,0.0,0.0,0.0,0.0,0.0,0.0,-6.8,0.7,-54.6,-13.8,0.0,0.0,0.0
rock&dark_ice&ground,0.0,0.0,0.0,0.0,0.0,-263.1,0.0,0.0,0.0,0.0,0.0,0.0,0.0,0.0,0.0,0.0,0.0,0.0,0.0,0.0,0.0,-279.3,0.0,0.0,0.0,0.0,0.0,0.0,-290.1,-284.5,0.0,0.0
rock&flying_grass&fighting,0.0,0.0,0.0,0.0,149.1,0.0,0.0,0.0,0.0,0.0,0.0,0.0,0.0,0.0,0.0,0.0,0.0,4.0,0.0,0.0,0.0,0.0,0.0,0.0,0.0,0.0,0.0,413.9,0.0,0.0,0.0,0.0
fighting_normal&flying,0.0,-18.7,44.2,201.4,-90.5,52.4,4.1,11.1,0.0,27.5,-12.6,0.0,9.7,0.0,0.0,0.0,0.0,0.0,0.0,0.0,0.0,0.0,0.0,0.0,0.0,0.0,0.0,0.0,0.0,0.0,0.0,0.0
ice&ground_psychic&fighting,0.0,-57.6,-82.5,0.0,0.0,0.0,0.0,0.0,0.0,0.0,0.0,0.0,0.0,0.0,-12.3,0.0,0.0,0.0,-66.2,0.0,0.0,0.0,0.0,0.0,0.0,0.0,0.0,0.0,0.0,0.0,0.0,0.0
grass_steel&psychic,0.0,141.4,-43.6,0.0,-7.5,0.0,-28.7,0.0,0.0,0.0,0.0,0.0,0.0,0.0,0.0,-7.5,0.0,0.0,0.0,0.0,-10.2,-7.7,-10.8,-30.5,0.0,0.0,0.0,0.0,0.0,0.0,0.0,0.0
grass_grass&fighting,0.0,593.0,0.0,0.0,0.0,2.0,157.7,0.0,0.0,0.0,0.0,0.0,0.0,0.0,0.0,129.5,0.0,0.0,0.0,0.0,-8.1,0.0,0.0,221.7,0.0,0.0,0.0,0.0,0.0,0.0,0.0,0.0
grass_psychic,0.0,-146.4,0.3,0.0,0.0,0.0,-84.9,0.0,0.0,0.0,0.0,0.0,0.0,0.0,0.0,-87.1,0.0,0.0,0.0,0.0,0.0,0.0,0.0,-110.8,0.0,0.0,0.0,0.0,0.0,0.0,0.0,0.0
grass_ghost&dark,0.0,243.5,0.0,0.0,0.0,0.0,208.8,0.0,0.0,0.0,0.0,0.0,0.0,0.0,0.0,232.4,0.0,0.0,0.0,0.0,0.0,0.0,0.0,93.2,0.0,0.0,0.0,0.0,0.0,0.0,0.0,0.0
grass_dark&ice,0.0,66.4,0.0,0.0,0.0,0.0,6.7,0.0,0.0,0.0,0.0,-7.4,0.0,0.0,0.0,30.1,0.0,0.0,0.0,0.0,0.0,0.0,0.0,-2.3,0.0,0.0,0.0,0.0,0.0,0.0,0.0,0.0
steel_grass&fighting,0.0,0.0,74.5,0.0,0.0,60.2,21.0,0.0,0.0,0.0,0.0,0.0,0.0,0.0,261.1,31.7,0.0,0.0,11.4,0.0,0.0,0.0,10.6,0.0,0.0,0.0,0.0,0.0,0.0,0.0,0.0,0.0
fire&flying_psychic,0.0,34.5,-3.6,0.0,-161.5,0.0,0.0,0.0,0.0,0.0,0.0,0.0,0.0,0.0,0.0,0.0,0.0,-121.4,0.0,0.0,0.0,-123.9,-123.6,0.0,0.0,0.0,0.0,0.0,0.0,0.0,0.0,0.0
fire&flying_bug&fighting,0.0,0.0,0.0,0.0,-2.0,0.0,0.0,0.0,0.0,0.0,0.0,0.0,0.0,0.0,0.0,0.0,0.0,-2.6,0.0,0.0,0.0,70.8,-5.3,0.0,0.0,0.0,0.0,0.0,0.0,0.0,0.0,0.0
steel_ghost&dark,0.0,0.0,101.7,0.0,0.0,0.0,0.0,0.0,0.0,0.0,0.0,0.0,0.0,0.0,212.2,0.0,0.0,0.0,76.5,0.0,0.0,0.0,197.2,0.0,0.0,0.0,0.0,0.0,0.0,0.0,0.0,0.0
fire&flying_ghost&dark,0.0,0.0,147.0,0.0,134.0,0.0,0.0,0.0,0.0,0.0,0.0,0.0,0.0,0.0,0.0,0.0,0.0,198.6,0.0,0.0,0.0,371.1,228.7,0.0,0.0,0.0,0.0,0.0,0.0,0.0,0.0,0.0
psychic_grass,0.0,0.0,67.9,0.0,0.0,0.0,0.0,0.0,0.0,0.0,0.0,0.0,136.5,112.6,0.0,0.0,0.0,0.0,285.0,0.0,0.0,0.0,0.0,0.0,0.0,0.0,0.0,0.0,0.0,0.0,0.0,0.0
normal_fighting,0.0,0.0,-5.2,0.0,174.9,-126.1,0.0,0.0,-114.0,0.0,0.0,0.0,0.0,0.0,3.5,0.0,0.0,0.0,13.1,0.0,0.0,106.0,110.6,-105.8,0.0,0.0,0.0,0.0,0.0,0.0,0.0,0.0
fighting_rock&flying,0.0,-12.8,-0.4,7.3,-15.6,86.1,-5.5,-15.3,-34.2,-0.0,-0.4,-2.2,-4.4,0.0,0.0,0.0,0.0,0.0,0.0,0.0,0.0,0.0,0.0,0.0,0.0,0.0,0.0,0.0,0.0,0.0,0.0,0.0
grass&fighting_water&dragon,0.0,0.0,-18.8,0.0,-21.0,13.9,0.0,0.0,0.0,0.0,0.0,0.0,0.0,0.0,0.0,0.0,0.0,0.0,0.0,0.0,0.0,0.0,0.0,6.4,0.0,0.0,0.0,0.0,0.0,0.0,0.0,0.0
grass&fighting_grass,0.0,0.0,265.9,0.0,324.0,200.1,0.0,0.0,0.0,0.0,0.0,0.0,0.0,0.0,0.0,0.0,0.0,0.0,0.0,0.0,0.0,0.0,0.0,259.6,0.0,0.0,0.0,0.0,0.0,0.0,0.0,0.0
grass&fighting_steel,0.0,0.0,0.0,0.0,20.5,-0.3,0.0,0.0,0.0,0.0,0.0,0.0,0.0,0.0,0.0,0.0,0.0,0.0,0.0,0.0,0.0,0.0,0.0,7.2,0.0,0.0,0.0,0.0,0.0,0.0,0.0,0.0
psychic_steel,0.0,0.0,-9.8,0.0,0.0,0.0,0.0,0.0,0.0,0.0,0.0,0.0,-14.1,-14.1,0.0,0.0,0.0,0.0,0.0,0.0,0.0,0.0,0.0,0.0,0.0,0.0,0.0,0.0,0.0,0.0,0.0,0.0
psychic&fighting_steel,0.0,0.0,0.6,-39.9,0.0,105.4,0.0,0.0,0.0,0.0,0.0,0.0,0.0,0.0,0.0,0.0,0.0,0.0,0.0,0.0,0.0,0.0,0.0,0.0,0.0,0.0,11.1,-40.4,0.0,0.0,0.0,0.0
psychic&fighting_water&dragon,0.0,0.0,0.0,46.1,0.0,245.2,0.0,0.0,0.0,0.0,0.0,0.0,0.0,0.0,0.0,0.0,0.0,0.0,0.0,0.0,0.0,0.0,0.0,0.0,0.0,0.0,-4.4,7.4,0.0,0.0,0.0,0.0
ground&psychic_psychic&fighting,0.0,0.0,20.7,0.0,0.0,0.0,0.0,0.0,0.0,0.0,0.0,0.0,0.0,0.0,0.0,0.0,0.0,0.0,2.5,31.6,0.0,0.0,0.0,0.0,0.0,0.0,0.0,0.0,0.0,0.0,0.0,0.0
psychic_psychic&fighting,0.0,0.0,-46.7,0.0,0.0,0.0,0.0,0.0,0.0,0.0,0.0,0.0,-30.2,-38.3,0.0,0.0,0.0,0.0,-34.5,0.0,0.0,0.0,0.0,0.0,0.0,0.0,0.0,0.0,0.0,0.0,0.0,0.0
ghost&dark_psychic&fighting,0.0,0.0,0.0,-4.7,17.1,0.0,0.0,0.0,0.0,0.0,0.0,0.0,0.0,0.0,0.0,0.0,0.0,0.0,0.0,0.0,0.0,0.0,0.0,0.0,0.0,0.0,0.0,0.0,0.0,0.0,160.0,-0.9
grass&fighting_bug&fighting,0.0,0.0,-33.5,0.0,-101.9,84.1,0.0,0.0,0.0,0.0,0.0,0.0,4.5,0.0,0.0,0.0,0.0,0.0,0.0,0.0,0.0,0.0,0.0,-97.4,0.0,0.0,0.0,0.0,0.0,0.0,0.0,0.0
fighting_water&dragon,0.0,0.0,0.0,-50.0,-47.6,173.8,-11.5,0.0,0.0,0.0,0.0,0.0,0.0,0.0,0.0,0.0,0.0,0.0,0.0,0.0,0.0,0.0,0.0,0.0,0.0,0.0,0.0,0.0,0.0,0.0,0.0,0.0
steel_ice&ground,0.0,0.0,-97.3,0.0,0.0,0.0,0.0,0.0,0.0,0.0,0.0,0.0,0.0,0.0,-94.6,0.0,0.0,0.0,-92.8,0.0,0.0,0.0,-95.9,0.0,0.0,0.0,0.0,0.0,0.0,0.0,0.0,0.0
ice&ground_water&dragon,0.0,-15.2,-62.4,0.0,0.0,0.0,0.0,0.0,0.0,0.0,0.0,0.0,0.0,0.0,50.9,0.0,0.0,0.0,-39.8,0.0,0.0,0.0,0.0,0.0,0.0,0.0,0.0,0.0,0.0,0.0,0.0,0.0
grass_water&dragon,0.0,-24.1,0.0,0.0,0.0,0.0,-61.5,0.0,0.0,0.0,0.0,0.0,0.0,0.0,0.0,-20.1,0.0,0.0,0.0,0.0,0.0,0.0,0.0,-61.1,0.0,0.0,0.0,0.0,0.0,0.0,0.0,0.0
fighting_rock&dark,0.0,0.0,3.9,-72.7,-73.5,7.0,-59.6,0.0,0.0,0.0,0.0,0.0,0.0,0.0,0.0,0.0,0.0,0.0,0.0,0.0,0.0,0.0,0.0,0.0,0.0,0.0,0.0,0.0,0.0,0.0,0.0,0.0
normal&flying_rock&flying,0.0,-24.1,-12.7,0.0,-135.5,48.3,0.0,-83.5,-28.7,-9.8,0.0,0.0,-23.9,0.0,0.0,0.0,0.0,0.0,0.0,0.0,0.0,0.0,0.0,0.0,0.0,0.0,0.0,0.0,0.0,0.0,0.0,0.0
steel_psychic,0.0,0.0,-4.6,0.0,0.0,0.0,0.0,0.0,0.0,0.0,0.0,0.0,0.0,0.0,-24.1,0.0,0.0,0.0,-0.6,0.0,0.0,0.0,4.5,0.0,0.0,0.0,0.0,0.0,0.0,0.0,0.0,0.0
fire&flying_rock&dark,0.0,0.0,0.0,0.0,100.4,0.0,0.0,0.0,0.0,0.0,0.0,0.0,0.0,0.0,0.0,0.0,0.0,-8.0,0.0,0.0,0.0,260.0,95.1,0.0,0.0,0.0,0.0,0.0,0.0,0.0,0.0,0.0
fire&flying_psychic&fighting,0.0,0.0,0.0,0.0,-43.4,0.0,0.0,0.0,0.0,0.0,0.0,0.0,0.0,0.0,0.0,0.0,0.0,-44.4,0.0,0.0,0.0,-11.6,-31.5,0.0,0.0,0.0,0.0,0.0,0.0,0.0,0.0,0.0
ice&ground_rock&dark,0.0,-30.2,-41.6,0.0,0.0,0.0,0.0,0.0,0.0,0.0,0.0,0.0,0.0,0.0,42.9,0.0,0.0,0.0,-11.0,0.0,0.0,0.0,0.0,0.0,0.0,0.0,0.0,0.0,0.0,0.0,0.0,0.0
rock&dark_bug&fighting,0.0,0.0,0.0,0.0,0.0,-135.7,0.0,0.0,0.0,0.0,0.0,0.0,0.0,0.0,0.0,0.0,0.0,0.0,0.0,0.0,0.0,-114.0,0.0,0.0,0.0,0.0,0.0,0.0,-145.9,-115.9,0.0,0.0
psychic&fighting_bug&fighting,0.0,0.0,0.0,27.0,0.0,45.4,0.0,0.0,0.0,0.0,0.0,0.0,0.0,0.0,0.0,0.0,0.0,0.0,0.0,0.0,0.0,0.0,0.0,0.0,0.0,0.0,437.9,55.9,0.0,0.0,0.0,0.0
rock&dark_steel,0.0,0.0,0.0,0.0,0.0,-28.1,0.0,0.0,0.0,0.0,0.0,0.0,0.0,0.0,0.0,0.0,0.0,0.0,0.0,0.0,0.0,-27.6,0.0,0.0,0.0,0.0,0.0,0.0,76.4,-34.8,0.0,0.0
rock&dark_fire&flying,0.0,0.0,0.0,0.0,0.0,-73.6,0.0,0.0,0.0,0.0,0.0,0.0,0.0,0.0,0.0,0.0,0.0,0.0,0.0,0.0,0.0,-77.6,0.0,0.0,0.0,0.0,0.0,0.0,-75.5,-69.5,0.0,0.0
ice&ground_psychic,0.0,-81.2,-59.6,0.0,0.0,0.0,0.0,0.0,0.0,0.0,0.0,0.0,0.0,0.0,38.4,0.0,0.0,0.0,-80.8,0.0,0.0,0.0,0.0,0.0,0.0,0.0,0.0,0.0,0.0,0.0,0.0,0.0
ice&ground_ghost&dark,0.0,376.6,30.3,0.0,0.0,0.0,0.0,0.0,0.0,0.0,0.0,0.0,0.0,0.0,26.3,0.0,0.0,0.0,4.6,0.0,0.0,0.0,0.0,0.0,0.0,0.0,0.0,0.0,0.0,0.0,0.0,0.0
water&dragon_ice&ground,0.0,0.0,-5.9,0.0,0.0,0.0,0.0,0.0,0.0,0.0,0.0,47.1,0.0,0.0,0.0,0.0,0.0,0.0,0.0,0.0,-37.0,0.0,0.0,0.0,0.0,0.0,0.0,0.0,0.0,0.0,0.0,0.0
steel_water&dragon,0.0,0.0,-6.7,0.0,0.0,0.0,0.0,0.0,0.0,0.0,0.0,0.0,0.0,0.0,158.5,0.0,0.0,0.0,-4.5,0.0,0.0,0.0,-7.2,0.0,0.0,0.0,0.0,0.0,0.0,0.0,0.0,0.0
dark_normal&flying,0.0,64.1,-2.0,3.3,26.5,4.9,0.0,0.0,0.0,0.0,0.0,0.0,21.2,-6.4,0.0,0.0,0.0,0.0,4.2,-2.3,0.0,0.0,0.0,0.0,0.0,0.0,0.0,0.0,0.0,0.0,0.0,0.0
psychic&fighting_fighting,0.0,0.0,-14.8,14.2,0.0,268.2,0.0,0.0,0.0,0.0,0.0,0.0,0.0,0.0,0.0,0.0,0.0,0.0,0.0,0.0,0.0,0.0,0.0,0.0,0.0,0.0,285.4,80.1,0.0,0.0,0.0,0.0
psychic_bug&fighting,0.0,0.0,-4.9,0.0,0.0,0.0,0.0,0.0,0.0,0.0,0.0,0.0,443.9,53.3,0.0,0.0,0.0,0.0,27.2,0.0,0.0,0.0,0.0,0.0,0.0,0.0,0.0,0.0,0.0,0.0,0.0,0.0
ground&psychic_poison&flying,0.0,0.0,-43.0,0.0,0.0,0.0,0.0,0.0,0.0,0.0,0.0,0.0,0.0,0.0,0.0,0.0,0.0,0.0,-55.1,-36.6,0.0,0.0,0.0,0.0,0.0,0.0,0.0,0.0,0.0,0.0,0.0,0.0
ground&psychic_dark,0.0,0.0,19.4,0.0,0.0,0.0,0.0,0.0,0.0,0.0,0.0,0.0,0.0,0.0,0.0,0.0,0.0,0.0,37.4,-7.8,0.0,0.0,0.0,0.0,0.0,0.0,0.0,0.0,0.0,0.0,0.0,0.0
steel_psychic&grass,0.0,3.1,128.3,0.0,0.0,0.0,0.0,0.0,0.0,0.0,0.0,0.0,0.0,0.0,1.4,0.0,0.0,0.0,-3.5,0.0,0.0,0.0,-1.4,0.0,0.0,0.0,0.0,0.0,0.0,0.0,0.0,0.0
ice&ground_poison&flying,0.0,-12.9,-41.0,0.0,0.0,0.0,0.0,0.0,0.0,0.0,0.0,0.0,0.0,0.0,112.3,0.0,0.0,0.0,-24.3,0.0,0.0,0.0,0.0,0.0,0.0,0.0,0.0,0.0,0.0,0.0,0.0,0.0
grass_poison&flying,0.0,-8.7,-37.3,0.0,0.0,0.0,165.4,0.0,-5.9,0.0,0.0,-10.6,0.0,0.0,0.0,79.1,0.0,0.0,0.0,0.0,0.0,-4.9,0.0,138.4,0.0,0.0,0.0,0.0,0.0,0.0,0.0,0.0
normal&flying_rock&dark,0.0,0.0,0.0,0.0,58.9,0.0,0.0,209.4,84.4,0.0,0.0,0.0,0.0,0.0,0.0,0.0,0.0,0.0,0.0,0.0,0.0,0.0,0.0,0.0,0.0,0.0,0.0,0.0,0.0,0.0,0.0,0.0
water&poison_dark,0.0,0.0,0.0,0.0,9.4,0.0,0.0,0.0,0.0,51.1,116.7,17.0,0.0,0.0,0.0,0.0,0.0,0.0,0.0,0.0,0.0,0.0,0.0,0.0,0.0,0.0,0.0,0.0,0.0,0.0,0.0,0.0
psychic_rock&dark,0.0,0.0,601.9,0.0,0.0,0.0,0.0,0.0,0.0,0.0,0.0,0.0,78.5,4.4,0.0,0.0,0.0,0.0,28.9,0.0,0.0,0.0,0.0,0.0,0.0,0.0,0.0,0.0,0.0,0.0,0.0,0.0
water&dragon_normal&flying,0.0,0.0,-25.5,0.0,0.0,0.0,0.0,0.0,0.0,0.0,0.0,16.0,0.0,0.0,0.0,0.0,0.0,0.0,0.0,0.0,-26.9,0.0,0.0,0.0,0.0,0.0,0.0,0.0,0.0,0.0,0.0,0.0
water&dragon_fighting,0.0,0.0,16.9,0.0,0.0,0.0,0.0,0.0,0.0,0.0,0.0,147.2,0.0,0.0,0.0,0.0,0.0,0.0,0.0,0.0,36.5,0.0,0.0,0.0,0.0,0.0,0.0,0.0,0.0,0.0,0.0,0.0
grass&fighting_poison&flying,0.0,0.0,138.1,0.0,148.0,216.3,2.3,0.0,0.0,0.0,0.0,0.0,15.4,0.0,0.0,0.0,0.0,0.0,0.0,0.0,0.0,0.0,-0.8,191.1,0.0,0.0,0.0,0.0,0.0,0.0,0.0,0.0
fighting_water&poison,0.0,0.0,0.0,-26.1,10.3,-11.5,-14.5,0.0,0.0,0.0,0.0,0.0,0.0,0.0,0.0,0.0,0.0,0.0,0.0,0.0,0.0,0.0,0.0,0.0,0.0,0.0,0.0,0.0,0.0,0.0,0.0,0.0
ice&ground_water&poison,0.0,-86.9,-109.8,0.0,0.0,0.0,0.0,0.0,0.0,0.0,0.0,0.0,0.0,0.0,-60.5,0.0,0.0,0.0,-71.6,0.0,0.0,0.0,0.0,0.0,0.0,0.0,0.0,0.0,0.0,0.0,0.0,0.0
fighting_steel,0.0,0.0,0.0,-20.5,-57.5,518.0,-67.4,0.0,0.0,0.0,0.0,0.0,0.0,0.0,0.0,0.0,0.0,0.0,0.0,0.0,0.0,0.0,0.0,0.0,0.0,0.0,0.0,0.0,0.0,0.0,0.0,0.0
ground&psychic_normal&flying,0.0,0.0,6.2,0.0,0.0,0.0,0.0,0.0,0.0,0.0,0.0,0.0,0.0,0.0,0.0,0.0,0.0,0.0,3.1,55.3,0.0,0.0,0.0,0.0,0.0,0.0,0.0,0.0,0.0,0.0,0.0,0.0
rock&dark_ground&psychic,0.0,0.0,0.0,0.0,0.0,-7.4,0.0,0.0,0.0,0.0,0.0,0.0,0.0,0.0,0.0,0.0,0.0,0.0,0.0,0.0,0.0,-5.9,0.0,0.0,0.0,0.0,0.0,0.0,100.3,1.5,0.0,0.0
grass_psychic&grass,0.0,13.9,34.1,0.0,0.0,0.0,7.5,0.0,0.0,0.0,0.0,-4.5,0.0,0.0,0.0,14.2,0.0,0.0,0.0,0.0,0.0,0.0,0.0,4.5,0.0,0.0,0.0,0.0,0.0,0.0,0.0,0.0
psychic&grass_psychic,0.0,0.0,0.0,-112.6,-65.6,0.0,0.0,0.0,0.0,0.0,0.0,0.0,-124.2,0.0,0.0,-99.7,-113.3,0.0,0.0,0.0,0.0,0.0,0.0,0.0,0.0,0.0,0.0,0.0,0.0,0.0,0.0,0.0
ice&ground_normal&flying,0.0,-61.8,-76.7,0.0,0.0,0.0,0.0,0.0,0.0,0.0,0.0,0.0,0.0,0.0,91.2,0.0,0.0,0.0,-99.8,0.0,0.0,-29.2,0.0,-12.6,0.0,0.0,0.0,0.0,0.0,0.0,0.0,0.0
fire&flying_grass,0.0,0.0,0.0,0.0,223.2,0.0,0.0,0.0,0.0,0.0,0.0,0.0,0.0,0.0,0.0,0.0,0.0,22.9,0.0,0.0,0.0,787.0,168.9,0.0,0.0,0.0,0.0,0.0,0.0,0.0,0.0,0.0
psychic&fighting_rock&dark,0.0,0.0,0.0,-15.9,0.0,258.3,0.0,0.0,0.0,0.0,0.0,0.0,0.0,0.0,0.0,0.0,0.0,0.0,0.0,0.0,0.0,0.0,0.0,0.0,0.0,0.0,69.7,92.6,0.0,0.0,0.0,0.0
ice&ground_psychic&grass,0.0,-148.9,-119.9,0.0,0.0,0.0,0.0,0.0,0.0,0.0,0.0,-21.4,0.0,0.0,71.6,0.0,0.0,0.0,-109.7,0.0,0.0,0.0,0.0,0.0,0.0,0.0,0.0,0.0,0.0,0.0,0.0,0.0
ground&psychic_psychic&grass,0.0,0.0,-128.7,0.0,0.0,0.0,0.0,0.0,0.0,0.0,0.0,0.0,0.0,0.0,0.0,0.0,0.0,0.0,-102.4,-58.2,0.0,0.0,0.0,0.0,0.0,0.0,0.0,0.0,0.0,0.0,0.0,0.0
poison&flying_psychic,0.0,0.0,33.6,0.0,0.0,0.0,0.0,0.0,0.0,0.0,0.0,0.0,260.9,-37.4,0.0,0.0,0.0,-61.6,0.0,0.0,0.0,0.0,0.0,0.0,0.0,0.0,0.0,0.0,0.0,0.0,0.0,0.0
ice&ground_grass,0.0,-32.4,-28.2,0.0,0.0,0.0,0.0,0.0,0.0,0.0,0.0,0.0,0.0,0.0,-9.9,0.0,0.0,0.0,-38.8,0.0,0.0,0.0,0.0,0.0,0.0,0.0,0.0,0.0,0.0,0.0,0.0,0.0
psychic&grass_water&dragon,0.0,0.0,0.0,137.5,0.0,0.0,0.0,0.0,0.0,0.0,0.0,0.0,61.8,0.0,0.0,476.9,82.9,0.0,0.0,0.0,0.0,0.0,0.0,0.0,0.0,0.0,0.0,0.0,0.0,0.0,0.0,0.0
dark_bug&fighting,0.0,0.0,0.0,0.0,-165.2,0.0,0.0,0.0,0.0,0.0,0.0,0.0,0.0,0.0,0.0,0.0,0.0,0.0,0.0,0.0,0.0,0.0,0.0,0.0,0.0,0.0,0.0,0.0,0.0,0.0,0.0,0.0
psychic&grass_bug&fighting,0.0,0.0,0.0,87.7,0.0,0.0,0.0,0.0,0.0,0.0,0.0,0.0,57.8,0.0,0.0,77.7,143.2,0.0,0.0,0.0,0.0,0.0,0.0,0.0,0.0,0.0,0.0,0.0,0.0,0.0,0.0,0.0
grass_ground&psychic,0.0,-3.6,0.0,0.0,0.0,0.0,4.8,0.0,0.0,0.0,0.0,0.0,0.0,0.0,0.0,68.9,0.0,0.0,0.0,0.0,0.0,0.0,0.0,-3.4,0.0,0.0,0.0,0.0,0.0,0.0,0.0,0.0
grass_dark,0.0,113.5,39.0,0.0,79.1,0.0,52.6,0.0,48.3,0.0,0.0,72.3,0.0,0.0,72.1,87.0,0.0,45.3,0.0,0.0,0.0,45.4,0.0,41.6,0.0,0.0,0.0,0.0,0.0,0.0,0.0,0.0
poison&flying_bug&fighting,0.0,0.0,129.5,0.0,0.0,0.0,0.0,0.0,0.0,0.0,0.0,0.0,30.0,95.7,0.0,0.0,0.0,24.2,0.0,0.0,0.0,0.0,0.0,0.0,0.0,0.0,0.0,0.0,0.0,0.0,0.0,0.0
grass_steel,0.0,61.4,0.0,0.0,0.0,0.0,-11.9,0.0,0.0,0.0,0.0,0.0,0.0,0.0,0.0,-41.8,0.0,0.0,0.0,0.0,0.0,0.0,0.0,-30.3,0.0,0.0,0.0,0.0,0.0,0.0,0.0,0.0
steel_psychic&fighting,0.0,0.0,-53.0,0.0,0.0,0.0,0.0,0.0,0.0,0.0,0.0,0.0,0.0,0.0,-60.2,0.0,0.0,0.0,-49.2,0.0,0.0,0.0,-52.3,0.0,0.0,0.0,0.0,0.0,0.0,0.0,0.0,0.0
rock&dark_rock&dark,0.0,0.0,0.0,0.0,0.0,-73.2,0.0,0.0,0.0,0.0,0.0,0.0,0.0,0.0,0.0,0.0,0.0,0.0,0.0,0.0,0.0,-70.2,0.0,0.0,0.0,0.0,0.0,0.0,-51.8,-51.0,0.0,0.0
steel_steel,0.0,0.0,-18.0,0.0,0.0,0.0,0.0,0.0,0.0,0.0,0.0,0.0,0.0,0.0,-12.1,0.0,0.0,0.0,-11.1,0.0,0.0,0.0,-17.7,0.0,0.0,0.0,0.0,0.0,0.0,0.0,0.0,0.0
ice&ground_ground&psychic,0.0,-22.3,-19.4,0.0,0.0,0.0,0.0,0.0,0.0,0.0,0.0,0.0,0.0,0.0,-13.8,0.0,0.0,0.0,-39.1,0.0,0.0,0.0,0.0,0.0,0.0,0.0,0.0,0.0,0.0,0.0,0.0,0.0
fire&flying_ground&psychic,0.0,0.0,0.0,0.0,7.4,0.0,0.0,0.0,0.0,0.0,0.0,0.0,0.0,0.0,0.0,0.0,0.0,53.6,0.0,0.0,0.0,11.4,136.6,0.0,0.0,0.0,0.0,0.0,0.0,0.0,0.0,0.0
rock&dark_psychic,0.0,0.0,0.0,0.0,0.0,-124.4,0.0,0.0,0.0,-29.4,0.0,0.0,0.0,0.0,0.0,0.0,0.0,0.0,0.0,0.0,0.0,-118.9,0.0,0.0,0.0,0.0,-26.1,0.0,-126.2,-127.7,0.0,0.0
grass&fighting_psychic&grass,0.0,0.0,104.3,0.0,84.0,144.0,0.0,0.0,0.0,0.0,0.0,0.0,0.0,0.0,0.0,0.0,0.0,0.0,0.0,0.0,0.0,7.2,0.0,104.5,0.0,0.0,0.0,0.0,0.0,0.0,0.0,0.0
grass&fighting_ice&ground,0.0,0.0,0.0,0.0,5.4,163.2,0.0,0.0,0.0,0.0,0.0,0.0,0.0,0.0,0.0,0.0,0.0,0.0,0.0,0.0,0.0,0.0,0.0,32.2,0.0,0.0,0.0,0.0,0.0,0.0,0.0,0.0
psychic_poison&flying,0.0,0.0,4.3,0.0,-22.7,0.0,-72.6,0.0,0.0,0.0,0.0,0.0,-105.9,-9.4,-19.8,0.0,0.0,0.0,0.0,0.0,0.0,-37.7,-18.0,0.0,0.0,0.0,0.0,0.0,0.0,0.0,-14.2,0.0
psychic_ice&ground,0.0,0.0,763.0,0.0,0.0,0.0,0.0,0.0,0.0,0.0,0.0,0.0,76.0,98.1,0.0,0.0,0.0,0.0,37.7,0.0,0.0,0.0,0.0,0.0,0.0,0.0,0.0,0.0,0.0,0.0,0.0,0.0
psychic_normal,0.0,0.0,444.9,0.0,0.0,0.0,0.0,0.0,0.0,0.0,0.0,0.0,35.8,34.3,0.0,0.0,0.0,0.0,-7.4,0.0,0.0,0.0,0.0,0.0,0.0,0.0,0.0,0.0,0.0,0.0,0.0,0.0
rock&flying_ground&psychic,0.0,0.0,0.0,0.0,-2.8,0.0,0.0,0.0,0.0,0.0,0.0,0.0,0.0,0.0,0.0,0.0,0.0,83.5,0.0,0.0,0.0,0.0,0.0,0.0,0.0,0.0,0.0,94.4,0.0,0.0,0.0,0.0
ghost&dark_ground&psychic,0.0,0.0,0.0,-10.1,-17.1,0.0,0.0,0.0,0.0,0.0,0.0,0.0,0.0,0.0,0.0,0.0,0.0,0.0,0.0,0.0,0.0,0.0,0.0,0.0,0.0,0.0,0.0,0.0,0.0,0.0,-20.1,-23.8
ground&psychic_fighting,0.0,0.0,74.9,0.0,0.0,0.0,0.0,0.0,0.0,0.0,0.0,0.0,0.0,0.0,0.0,0.0,0.0,0.0,-9.0,228.6,0.0,0.0,0.0,0.0,0.0,0.0,0.0,0.0,0.0,0.0,0.0,0.0
bug&fighting_ground&psychic,0.0,0.0,1.9,0.0,-22.8,7.8,0.0,0.0,0.0,0.0,0.0,0.0,15.1,0.0,0.0,0.0,0.0,0.0,0.0,0.0,0.0,0.0,0.0,0.0,0.0,0.0,0.0,0.0,0.0,0.0,0.0,0.0
psychic_water&dragon,0.0,0.0,272.5,0.0,0.0,0.0,0.0,0.0,0.0,0.0,0.0,0.0,-3.2,2.3,0.0,0.0,0.0,0.0,-9.1,0.0,0.0,0.0,0.0,0.0,0.0,0.0,0.0,0.0,0.0,0.0,0.0,0.0
psychic&fighting_fire&flying,0.0,0.0,55.0,-0.7,0.0,-3.1,0.0,0.0,0.0,0.0,0.0,0.0,0.0,0.0,0.0,0.0,0.0,0.0,0.0,0.0,0.0,0.0,0.0,0.0,0.0,0.0,5.0,-17.6,0.0,0.0,0.0,0.0
psychic_ground&psychic,0.0,0.0,48.1,0.0,0.0,0.0,0.0,0.0,0.0,0.0,0.0,0.0,0.0,3.7,0.0,0.0,0.0,0.0,-11.9,0.0,0.0,0.0,0.0,0.0,0.0,0.0,0.0,0.0,0.0,0.0,0.0,0.0
grass&fighting_ground&psychic,0.0,0.0,0.0,0.0,145.6,13.5,0.0,0.0,0.0,0.0,0.0,0.0,0.0,0.0,0.0,0.0,0.0,0.0,0.0,0.0,0.0,0.0,0.0,43.1,0.0,0.0,0.0,0.0,0.0,0.0,0.0,0.0
ground&psychic_bug&fighting,0.0,0.0,-66.9,0.0,0.0,0.0,0.0,0.0,0.0,0.0,0.0,0.0,0.0,0.0,0.0,0.0,0.0,0.0,-71.8,-26.2,0.0,0.0,0.0,0.0,0.0,0.0,0.0,0.0,0.0,0.0,0.0,0.0
ground&psychic_ice&ground,0.0,0.0,53.5,0.0,0.0,0.0,0.0,0.0,0.0,0.0,0.0,0.0,0.0,0.0,0.0,0.0,0.0,0.0,-2.5,-19.3,0.0,0.0,0.0,0.0,0.0,0.0,0.0,0.0,0.0,0.0,0.0,0.0
psychic_dark,0.0,0.0,371.0,0.0,0.0,0.0,0.0,0.0,0.0,0.0,0.0,0.0,73.4,25.2,0.0,0.0,0.0,0.0,7.4,0.0,0.0,0.0,0.0,0.0,0.0,0.0,0.0,0.0,0.0,0.0,0.0,0.0
psychic_rock&flying,0.0,0.0,-77.4,0.0,-29.2,0.0,-19.7,0.0,0.0,0.0,0.0,0.0,-73.7,-85.9,0.0,0.0,0.0,0.0,-60.4,0.0,0.0,0.0,0.0,0.0,0.0,0.0,0.0,0.0,0.0,0.0,-16.8,-11.1
psychic_psychic,0.0,0.0,0.0,0.0,0.0,0.0,0.0,0.0,0.0,0.0,0.0,0.0,0.0,0.0,0.0,0.0,0.0,0.0,0.0,0.0,0.0,0.0,0.0,0.0,0.0,0.0,0.0,0.0,0.0,0.0,0.0,0.0
steel_ground&psychic,0.0,0.0,0.4,0.0,0.0,0.0,0.0,0.0,0.0,0.0,0.0,0.0,0.0,0.0,0.0,0.0,0.0,0.0,0.0,0.0,0.0,0.0,0.0,0.0,0.0,0.0,0.0,0.0,0.0,0.0,0.0,0.0
